State,District,Sum of ALHS,Sum of CBCG,Sum of CSI,Sum of DRM,Sum of ELCD,Sum of Future Risk Score,Sum of IVC,Lifecycle Risk Level,Sum of PFD,Primary Failure Domain
Andaman & Nicobar Islands,Andamans,6.810266487193955,10,0,0,10,10,0,Stable,5,Enrolment Failure
Andaman & Nicobar Islands,Nicobars,-1.3380164350118047,1,1,0,2,0,0,Healthy,0,Biometric Delay
Andaman & Nicobar Islands,South Andaman,-4.026530251387397,5,1,0,5,0,0,Healthy,0,Biometric Delay
Andaman and Nicobar Islands,Nicobar,-9.014788205214982,8,2,0,12,0,0,Healthy,0,Enrolment Failure
Andaman and Nicobar Islands,North And Middle Andaman,9.254730825784387,3,2,0,10,10,0,Stable,0,Biometric Delay
Andaman and Nicobar Islands,South Andaman,12.58838893135266,2,1,0,6,10,0,Stable,7.999999999999999,Biometric Delay
Andhra Pradesh,Adilabad,-5.976153040698846,11,2,0,7,0,0,Healthy,0,Enrolment Failure
Andhra Pradesh,Alluri Sitharama Raju,-9.083664204385139,7,0,0,10,0,0,Healthy,0,Biometric Delay
Andhra Pradesh,Anakapalli,-5.728665184922726,5,1,0,10,0,0,Healthy,0,Biometric Delay
Andhra Pradesh,Anantapur,-7.496044868163559,10,0,0,6,10,0,Stable,0,Biometric Delay
Andhra Pradesh,Ananthapur,-0.27589681567360436,0,0,0,9,9,0,Stable,0,Biometric Delay
Andhra Pradesh,Ananthapuramu,0.6780397290354497,0,0,0,9,9,0,Stable,0,Biometric Delay
Andhra Pradesh,Annamayya,-5.717548516034066,3,0,0,9,0,0,Healthy,0,Biometric Delay
Andhra Pradesh,Bapatla,-5.1986992819373485,2,0,0,9,0,0,Healthy,0,Biometric Delay
Andhra Pradesh,Chittoor,28.567709032841083,8,1,0,8,16,0,Stable,16,Demographic Instability
Andhra Pradesh,Cuddapah,10.188965605840897,5,1,0,8,12,0,Stable,4,Biometric Delay
Andhra Pradesh,Dr. B. R. Ambedkar Konaseema,-2.5685444104417177,3,0,0,9,0,0,Healthy,0,Biometric Delay
Andhra Pradesh,East Godavari,31.189319602561635,5,1,0,8,12,0,Stable,12,Demographic Instability
Andhra Pradesh,Eluru,-4.25036421907988,4,0,0,9,0,0,Healthy,0,Biometric Delay
Andhra Pradesh,Guntur,30.150447761354375,5,1,0,8,12,0,Stable,12,Demographic Instability
Andhra Pradesh,Hyderabad,-6.215140659001335,11,1,0,7,11,0,Stable,0,Biometric Delay
Andhra Pradesh,K.v. Rangareddy,-3.6103979262516748,1,1,0,6,0,0,Healthy,0,Biometric Delay
Andhra Pradesh,K.V.Rangareddy,-6.2044194434183675,8,4,0,8,0,0,Healthy,0,Enrolment Failure
Andhra Pradesh,Kakinada,-4.5846387718158494,3,0,0,9,0,0,Healthy,0,Biometric Delay
Andhra Pradesh,Karim Nagar,-4.391957815546286,11,3,0,11,0,0,Healthy,0,Enrolment Failure
Andhra Pradesh,Karimnagar,-9.456119022937003,12,3,0,8,0,0,Healthy,0,Enrolment Failure
Andhra Pradesh,Khammam,-14.242796209810555,10,1,0,6,0,0,Healthy,0,Biometric Delay
Andhra Pradesh,Krishna,28.66671019371692,4,0,0,8,12,0,Stable,12,Demographic Instability
Andhra Pradesh,Kurnool,31.268641412295324,4,0,0,8,12,0,Stable,12,Demographic Instability
Andhra Pradesh,Mahabub Nagar,1.9531516958198887,12,4,0,8,0,0,Healthy,0,Demographic Instability
Andhra Pradesh,Mahabubnagar,-5.157529540135766,4,1,0,4,0,0,Healthy,0,Enrolment Failure
Andhra Pradesh,Mahbubnagar,-7.597671837699673,9,0,0,9,0,0,Healthy,0,Enrolment Failure
Andhra Pradesh,Medak,-12.895664804643909,9,1,0,5,0,0,Healthy,0,Biometric Delay
Andhra Pradesh,N. T. R,-4.448591269159957,3,0,0,9,0,0,Healthy,0,Biometric Delay
Andhra Pradesh,Nalgonda,-2.779009198957794,12,4,0,8,0,0,Healthy,0,Demographic Instability
Andhra Pradesh,Nandyal,-7.1192031199129255,2,0,0,9,0,0,Healthy,0,Biometric Delay
Andhra Pradesh,Nellore,0.6429409074151238,6,1,0,5,12,0,Stable,2,Biometric Delay
Andhra Pradesh,Nizamabad,-14.878301478218075,11,1,0,7,0,0,Healthy,0,Enrolment Failure
Andhra Pradesh,Palnadu,-7.759951454969004,3,0,0,9,0,0,Healthy,0,Biometric Delay
Andhra Pradesh,Parvathipuram Manyam,-9.04144812508116,5,0,0,9,0,0,Healthy,0,Biometric Delay
Andhra Pradesh,Prakasam,27.625574948950604,5,1,0,8,12,0,Stable,12,Demographic Instability
Andhra Pradesh,Rangareddi,-10.17510092468972,12,2,0,5,12,0,Stable,0,Biometric Delay
Andhra Pradesh,Sri Potti Sriramulu Nellore,-5.686583379640185,3,0,0,9,0,0,Healthy,0,Biometric Delay
Andhra Pradesh,Sri Sathya Sai,-6.761106899596822,3,0,0,9,0,0,Healthy,0,Biometric Delay
Andhra Pradesh,Srikakulam,20.35945746752016,5,1,0,8,12,0,Stable,10,Demographic Instability
Andhra Pradesh,Tirupati,-8.400699790025081,4,0,0,9,0,0,Healthy,0,Biometric Delay
Andhra Pradesh,Visakhapatnam,28.322717348175455,5,1,0,7,12,0,Stable,12,Demographic Instability
Andhra Pradesh,Vizianagaram,1.267041721407455,4,0,0,7,11,0,Stable,1.0000000000000002,Biometric Delay
Andhra Pradesh,Warangal,-2.43783688202888,11,2,0,7,11,0,Stable,0,Biometric Delay
Andhra Pradesh,West Godavari,26.969155143135183,5,1,0,8,12,0,Stable,10.999999999999998,Demographic Instability
Andhra Pradesh,Y. S. R,-7.025977938070493,4,0,0,10,0,0,Healthy,0,Biometric Delay
Arunachal Pradesh,Anjaw,-5.591155489628213,5,3,0,10,0,0,Healthy,0,Biometric Delay
Arunachal Pradesh,Changlang,38.33871928206583,3,0,0,3,12,0,Stable,12,Demographic Instability
Arunachal Pradesh,Dibang Valley,-8.047532601662992,4,1,0,10,0,0,Healthy,0,Biometric Delay
Arunachal Pradesh,East Kameng,5.7098484339541145,2,1,0,10,10,0,Stable,3.9999999999999996,Biometric Delay
Arunachal Pradesh,East Siang,15.396336127807764,2,1,0,10,10,0,Stable,7.000000000000001,Biometric Delay
Arunachal Pradesh,Kamle,-5.672941678839509,6,1,0,7,0,0,Healthy,0.9999999999999998,Enrolment Failure
Arunachal Pradesh,Kra Daadi,-5.524518240147794,1,1,0,9,0,0,Healthy,0,Biometric Delay
Arunachal Pradesh,Kurung Kumey,-3.479638490953994,5,2,0,9,9,0,Stable,0,Biometric Delay
Arunachal Pradesh,Leparada,-2.594536199911454,0,0,0,4,0,0,Healthy,0,Biometric Delay
Arunachal Pradesh,Lohit,9.95450391230104,9,4,0,12,12,0,Stable,6.999999999999999,Biometric Delay
Arunachal Pradesh,Longding,-1.729012769877042,2,1,0,10,0,0,Healthy,1.9999999999999998,Biometric Delay
Arunachal Pradesh,Lower Dibang Valley,0.9132815916615774,2,0,0,9,9,0,Stable,0,Biometric Delay
Arunachal Pradesh,Lower Siang,-4.330098559621732,2,0,0,8,0,0,Healthy,0,Biometric Delay
Arunachal Pradesh,Lower Subansiri,1.8127516353769546,4,1,0,9,9,0,Stable,0,Biometric Delay
Arunachal Pradesh,Namsai,8.250104176485062,8,2,0,12,12,0,Stable,4,Biometric Delay
Arunachal Pradesh,Pakke Kessang,-5.1654152550575505,3,1,0,5,0,0,Healthy,0,Biometric Delay
Arunachal Pradesh,Papum Pare,26.5542478758715,7,4,0,6,12,0,Stable,10.999999999999998,Demographic Instability
Arunachal Pradesh,Shi-Yomi,-5.6776425947448015,4,1,0,9,0,0,Healthy,0,Biometric Delay
Arunachal Pradesh,Siang,-6.483245423440222,2,1,0,9,0,0,Healthy,0,Biometric Delay
Arunachal Pradesh,Tawang,-0.9462991223550632,2,0,0,10,10,0,Stable,0,Biometric Delay
Arunachal Pradesh,Tirap,2.1264439789978407,4,1,0,10,12,0,Stable,0,Biometric Delay
Arunachal Pradesh,Upper Siang,0.7266431330755472,2,0,0,9,9,0,Stable,1.0000000000000002,Biometric Delay
Arunachal Pradesh,Upper Subansiri,1.36333699432282,3,2,0,10,10,0,Stable,0.9999999999999999,Biometric Delay
Arunachal Pradesh,West Kameng,-5.193309493840332,5,1,0,4,9,0,Stable,1.0000000000000002,Biometric Delay
Arunachal Pradesh,West Siang,16.369568912339975,3,0,0,12,12,0,Stable,9,Biometric Delay
Assam,Bajali,-0.41980525976403094,10,3,0,10,0,0,Healthy,0,Enrolment Failure
Assam,Baksa,5.958964239546111,3,1,0,11,0,0,Healthy,0,Biometric Delay
Assam,Barpeta,32.13635071892399,4,1,0,12,12,0,Stable,12,Demographic Instability
Assam,Biswanath,0.6646471403172393,4,1,0,12,0,0,Healthy,0,Enrolment Failure
Assam,Bongaigaon,14.081959590072485,3,0,0,12,12,0,Stable,2,Biometric Delay
Assam,Cachar,15.080970711509401,4,0,0,3,12,0,Stable,12,Demographic Instability
Assam,Charaideo,4.537218484869104,2,0,0,11,0,0,Healthy,0,Enrolment Failure
Assam,Chirang,7.269654341754834,4,1,0,12,12,0,Stable,0,Biometric Delay
Assam,Darrang,1.6396757059873837,3,1,0,10,0,0,Healthy,0,Biometric Delay
Assam,Dhemaji,4.190076758613528,4,1,0,12,0,0,Healthy,0,Biometric Delay
Assam,Dhubri,25.130845340422585,4,1,0,2,12,0,Stable,12,Demographic Instability
Assam,Dibrugarh,10.094683753813804,4,2,0,11,11,0,Stable,0,Biometric Delay
Assam,Dima Hasao,-5.5918052972065,6,2,0,6,0,0,Healthy,0,Enrolment Failure
Assam,Goalpara,9.796558972613695,4,0,0,12,12,0,Stable,8,Biometric Delay
Assam,Golaghat,5.260233846302056,5,1,0,12,0,0,Healthy,0,Enrolment Failure
Assam,Hailakandi,5.928339038424922,3,1,0,10,10,0,Stable,0,Biometric Delay
Assam,Hojai,4.214137493703917,7,1,0,12,0,0,Healthy,1,Enrolment Failure
Assam,Jorhat,-2.185636707562408,3,0,0,4,0,0,Healthy,0,Biometric Delay
Assam,Kamrup,5.503096639755461,4,1,0,4,12,0,Stable,10.999999999999998,Biometric Delay
Assam,Kamrup Metro,9.308679772541959,6,1,0,12,12,0,Stable,1,Biometric Delay
Assam,Karbi Anglong,7.589223710423764,3,0,0,11,11,0,Stable,0,Biometric Delay
Assam,Karimganj,13.640737991155165,4,1,0,12,12,0,Stable,10,Biometric Delay
Assam,Kokrajhar,10.120753453859578,3,1,0,11,11,0,Stable,0,Biometric Delay
Assam,Lakhimpur,-0.9292057386258745,2,1,0,3,10,0,Stable,1.9999999999999998,Biometric Delay
Assam,Majuli,-1.3523953637317574,4,2,0,11,0,0,Healthy,0,Enrolment Failure
Assam,Marigaon,12.76520074693426,3,1,0,10,10,0,Stable,7.999999999999999,Biometric Delay
Assam,Nagaon,29.317891679461823,11,3,0,0,12,0,Stable,12,Demographic Instability
Assam,Nalbari,3.0319142034470628,4,1,0,12,12,0,Stable,0,Biometric Delay
Assam,North Cachar Hills,-3.4541631912249464,3,0,0,11,0,0,Healthy,0,Biometric Delay
Assam,Sibsagar,3.2483005807992527,3,0,0,12,0,0,Healthy,0,Enrolment Failure
Assam,Sonitpur,8.0211296131041,5,1,0,5,12,0,Stable,12,Demographic Instability
Assam,South Salmara Mankachar,6.059418633909974,4,1,0,12,0,0,Healthy,0,Demographic Instability
Assam,Sribhumi,1.5484421315938948,11,4,0,11,0,0,Healthy,0,Demographic Instability
Assam,Tamulpur District,-2.777629171455122,10,4,0,10,0,0,Healthy,0,Enrolment Failure
Assam,Tinsukia,2.4696464827046563,4,0,0,4,0,0,Healthy,2,Demographic Instability
Assam,Udalguri,7.42640493920968,4,1,0,12,0,0,Healthy,0,Biometric Delay
Assam,West Karbi Anglong,-7.6107950038605905,11,3,0,11,0,0,Healthy,0,Enrolment Failure
Bihar,Araria,11.85189719664112,11,1,0,12,12,0,Stable,3,Demographic Instability
Bihar,Arwal,-2.8359024818965803,12,3,0,12,0,0,Healthy,0,Demographic Instability
Bihar,Aurangabad,-2.075425362823762,9,2,0,4,0,0,Healthy,0,Demographic Instability
Bihar,Aurangabad(bh),-7.201578103734448,12,3,0,12,0,0,Healthy,0,Biometric Delay
Bihar,Banka,-2.4366056156977898,9,1,0,6,0,0,Healthy,0,Demographic Instability
Bihar,Begusarai,1.6992691398447322,7,1,0,7,11,0,Stable,0,Biometric Delay
Bihar,Bhabua,-3.957529540135765,4,1,0,4,0,0,Healthy,0,Biometric Delay
Bihar,Bhagalpur,2.529634532113766,9,2,0,5,12,0,Stable,1,Biometric Delay
Bihar,Bhojpur,3.3831723951068127,12,3,0,8,0,0,Healthy,5,Demographic Instability
Bihar,Buxar,-2.6588968550064727,10,2,0,11,0,0,Healthy,0,Enrolment Failure
Bihar,Darbhanga,9.04842780902406,10,3,0,8,12,0,Stable,3,Biometric Delay
Bihar,East Champaran,13.199361813579017,10,2,0,-15,12,0,Stable,12,Demographic Instability
Bihar,Gaya,11.306386909663814,9,2,0,11,12,0,Stable,10,Biometric Delay
Bihar,Gopalganj,4.066101976604049,10,3,0,12,0,0,Healthy,0,Demographic Instability
Bihar,Jamui,-0.7632470249497539,7,1,0,5,0,0,Healthy,0,Biometric Delay
Bihar,Jehanabad,-4.640097601927788,12,3,0,8,0,0,Healthy,0,Demographic Instability
Bihar,Kaimur (Bhabua),3.750811705818879,9,2,0,12,0,0,Healthy,0,Enrolment Failure
Bihar,Katihar,15.389498420681553,11,3,0,12,12,0,Stable,10,Demographic Instability
Bihar,Khagaria,4.085565395971629,8,2,0,12,0,0,Healthy,0,Enrolment Failure
Bihar,Kishanganj,14.150708526754066,10,3,0,8,12,0,Stable,6,Demographic Instability
Bihar,Lakhisarai,-0.46050801984700973,10,3,0,12,0,0,Healthy,0,Demographic Instability
Bihar,Madhepura,7.827774688506605,10,2,0,12,12,0,Stable,0,Enrolment Failure
Bihar,Madhubani,4.45389143767306,10,2,0,4,12,0,Stable,10.999999999999998,Demographic Instability
Bihar,Monghyr,-3.0110366330472593,4,0,0,4,0,0,Healthy,0,Biometric Delay
Bihar,Munger,-0.04603602022691211,11,3,0,12,0,0,Healthy,0,Demographic Instability
Bihar,Muzaffarpur,-0.9680554870802616,10,3,0,-3,12,0,Stable,12,Demographic Instability
Bihar,Nalanda,9.733919344174923,10,2,0,8,0,0,Healthy,6.999999999999999,Demographic Instability
Bihar,Nawada,0.6006313115781096,10,3,0,7,0,0,Healthy,0,Demographic Instability
Bihar,Pashchim Champaran,-4.548734370684033,6,1,0,6,0,0,Healthy,0,Enrolment Failure
Bihar,Patna,26.675494104642397,10,2,0,6,12,0,Stable,12,Demographic Instability
Bihar,Purba Champaran,-5.098115812499396,7,2,0,7,0,0,Healthy,0,Enrolment Failure
Bihar,Purnea,0.5063747373515404,12,2,0,12,0,0,Healthy,0,Demographic Instability
Bihar,Purnia,1.829864814664842,9,2,0,4,12,0,Stable,0,Biometric Delay
Bihar,Rohtas,6.880651389353421,11,3,0,11,12,0,Stable,0,Demographic Instability
Bihar,Saharsa,-0.3682834342280221,12,3,0,7,12,0,Stable,0,Demographic Instability
Bihar,Samastipur,11.102817513029215,10,2,0,7,12,0,Stable,12,Demographic Instability
Bihar,Samstipur,-3.9649011894567123,6,2,0,6,0,0,Healthy,0,Biometric Delay
Bihar,Saran,2.527719515429812,11,3,0,0,12,0,Stable,5,Demographic Instability
Bihar,Sheikhpura,-2.689615264910195,11,4,0,12,0,0,Healthy,0,Enrolment Failure
Bihar,Sheikpura,-3.957529540135765,4,0,0,4,0,0,Healthy,0,Biometric Delay
Bihar,Sheohar,-2.5280460544851473,12,3,0,12,0,0,Healthy,0,Demographic Instability
Bihar,Sitamarhi,12.899034288452489,9,3,0,12,12,0,Stable,5,Biometric Delay
Bihar,Siwan,7.110426236615946,11,3,0,12,12,0,Stable,0,Enrolment Failure
Bihar,Supaul,7.777475272355891,12,3,0,12,12,0,Stable,0,Demographic Instability
Bihar,Vaishali,5.917663239381813,12,3,0,7,12,0,Stable,2,Demographic Instability
Bihar,West Champaran,26.934273329778843,10,2,0,12,12,0,Stable,12,Demographic Instability
Chandigarh,Chandigarh,3.6001601243498977,5,0,0,6,11,0,Stable,4.999999999999999,Biometric Delay
Chandigarh,Mohali,-2.3273988200457456,2,0,0,3,0,0,Healthy,0,Biometric Delay
Chandigarh,Rupnagar,-3.316781205079687,3,1,0,4,0,0,Healthy,0,Biometric Delay
Chhatisgarh,Raipur,-1.3734622753366905,2,1,0,3,0,0,Healthy,3,Biometric Delay
Chhattisgarh,Balod,3.0955752007750736,11,3,0,12,12,0,Stable,0,Biometric Delay
Chhattisgarh,Baloda Bazar,19.261696463152834,10,4,0,6,12,0,Stable,12,Demographic Instability
Chhattisgarh,Balrampur,5.563321176515173,10,3,0,12,0,0,Healthy,2,Demographic Instability
Chhattisgarh,Bastar,5.76445339173973,9,1,0,10,10,0,Stable,5,Biometric Delay
Chhattisgarh,Bemetara,7.480044488463054,11,3,0,12,12,0,Stable,1,Biometric Delay
Chhattisgarh,Bijapur,-6.3324468406751215,11,2,0,11,0,0,Healthy,0,Enrolment Failure
Chhattisgarh,Bilaspur,24.87377101753188,10,4,0,6,12,0,Stable,12,Demographic Instability
Chhattisgarh,Dakshin Bastar Dantewada,-10.968483768832769,9,1,0,9,0,0,Healthy,0,Enrolment Failure
Chhattisgarh,Dantewada,-11.28646261706912,9,1,0,9,0,0,Healthy,0,Enrolment Failure
Chhattisgarh,Dhamtari,4.65229634612994,11,3,0,12,12,0,Stable,0,Biometric Delay
Chhattisgarh,Durg,0.8804621096004184,7,2,0,6,10,0,Stable,1.9999999999999998,Biometric Delay
Chhattisgarh,Gariyaband,3.3879270005635997,11,3,0,12,0,0,Healthy,0,Demographic Instability
Chhattisgarh,Gaurela-pendra-marwahi,-7.507796028962353,8,3,0,11,0,0,Healthy,0,Enrolment Failure
Chhattisgarh,Janjgir - Champa,-3.957529540135765,4,1,0,4,0,0,Healthy,0,Biometric Delay
Chhattisgarh,Janjgir Champa,-3.957529540135765,4,0,0,4,0,0,Healthy,0,Biometric Delay
Chhattisgarh,Janjgir-champa,23.95923886884239,11,3,0,12,12,0,Stable,12,Demographic Instability
Chhattisgarh,Jashpur,1.801323233605431,7,1,0,10,10,0,Stable,0.9999999999999999,Biometric Delay
Chhattisgarh,Kabeerdham,-7.759924181186715,7,2,0,10,0,0,Healthy,0,Biometric Delay
Chhattisgarh,Kanker,-16.856356018884817,9,1,0,2,0,0,Healthy,0,Biometric Delay
Chhattisgarh,Kawardha,2.620013250910373,11,3,0,12,12,0,Stable,0,Biometric Delay
Chhattisgarh,Khairagarh Chhuikhadan Gandai,-3.3030022531021177,10,2,0,10,0,0,Healthy,0,Enrolment Failure
Chhattisgarh,Kondagaon,-3.679130124628945,9,2,0,10,0,0,Healthy,0.9999999999999999,Enrolment Failure
Chhattisgarh,Korba,10.086606813787803,12,3,0,12,12,0,Stable,1,Demographic Instability
Chhattisgarh,Koriya,0.5262007074910984,11,3,0,12,0,0,Healthy,0,Enrolment Failure
Chhattisgarh,Mahasamund,13.04578186983843,10,3,0,12,12,0,Stable,6.999999999999999,Demographic Instability
Chhattisgarh,Manendragarhâ€“Chirmiriâ€“Bharatpur,-1.2893823850339414,1,0,0,1,0,0,Healthy,0,Enrolment Failure
Chhattisgarh,Manendragarhchirmiribharatpur,-3.8681471551018243,3,0,0,3,0,0,Healthy,0,Enrolment Failure
Chhattisgarh,Manendragarh–Chirmiri–Bharatpur,-2.4887527428474376,11,2,0,11,0,0,Healthy,0,Demographic Instability
Chhattisgarh,Mohalla-Manpur-Ambagarh Chowki,-3.316781205079687,3,0,0,4,0,0,Healthy,0,Biometric Delay
Chhattisgarh,Mohla-Manpur-Ambagarh Chouki,-10.963693130249395,8,3,0,9,0,0,Healthy,0,Enrolment Failure
Chhattisgarh,Mungeli,10.336863748665937,11,3,0,12,12,0,Stable,2,Demographic Instability
Chhattisgarh,Narayanpur,-11.229067524902272,9,2,0,10,0,0,Healthy,0,Enrolment Failure
Chhattisgarh,Raigarh,15.150406301874995,12,3,0,7,12,0,Stable,10.999999999999998,Demographic Instability
Chhattisgarh,Raipur,17.643689894574795,11,3,0,7,12,0,Stable,10.999999999999998,Demographic Instability
Chhattisgarh,Rajnandgaon,12.398773498330463,9,3,0,6,12,0,Stable,10.999999999999998,Demographic Instability
Chhattisgarh,Sakti,-2.408383268814916,11,3,0,11,0,0,Healthy,0,Demographic Instability
Chhattisgarh,Sarangarh-Bilaigarh,-1.1989205555421187,12,4,0,12,0,0,Healthy,0,Demographic Instability
Chhattisgarh,Sukma,-7.564340711475861,9,2,0,10,0,0,Healthy,0,Enrolment Failure
Chhattisgarh,Surajpur,8.070117769433876,10,3,0,12,12,0,Stable,2,Biometric Delay
Chhattisgarh,Surguja,17.743011894181546,11,2,0,7,12,0,Stable,12,Demographic Instability
Chhattisgarh,Uttar Bastar Kanker,-4.054054601195333,12,3,0,12,0,0,Healthy,0,Enrolment Failure
Dadra & Nagar Haveli,Dadra & Nagar Haveli,-4.600831594318135,6,1,0,6,0,0,Healthy,6,Biometric Delay
Dadra And Nagar Haveli,Dadra and Nagar Haveli,-8.101883496122225,8,0,0,9,0,0,Healthy,9,Biometric Delay
Dadra and Nagar Haveli and Daman and Diu,Dadra and Nagar Haveli,3.377351343485684,12,4,0,6,12,0,Stable,6,Demographic Instability
Dadra and Nagar Haveli and Daman and Diu,Daman,0.023136779419685283,11,4,0,11,0,0,Healthy,1.0000000000000002,Demographic Instability
Dadra and Nagar Haveli and Daman and Diu,Diu,-6.8405825151726845,3,1,0,0,0,0,Healthy,0,Biometric Delay
Daman & Diu,Daman,-1.134880902283627,12,2,0,12,12,0,Stable,5,Biometric Delay
Daman & Diu,Diu,-6.485967337757669,7,2,0,8,0,0,Healthy,0,Biometric Delay
Daman and Diu,Daman,3.911614891162432,2,0,0,11,11,0,Stable,4.000000000000001,Biometric Delay
Daman and Diu,Diu,-0.2700649548170417,3,1,0,10,0,0,Healthy,1.9999999999999998,Biometric Delay
Delhi,Central Delhi,-2.279540735282351,9,2,0,10,0,0,Healthy,0,Enrolment Failure
Delhi,East Delhi,5.562325452107234,9,3,0,11,11,0,Stable,0,Biometric Delay
Delhi,Najafgarh,-6.925676695237589,7,2,0,7,0,0,Healthy,0,Biometric Delay
Delhi,New Delhi,-4.686900964255009,3,1,0,10,0,0,Healthy,0,Biometric Delay
Delhi,North Delhi,-1.1089355071751419,10,1,0,10,0,0,Healthy,0,Enrolment Failure
Delhi,North East,6.47706343498139,12,2,0,12,0,0,Healthy,0,Demographic Instability
Delhi,North East Delhi,1.080599016129307,1,0,0,9,9,0,Stable,0,Biometric Delay
Delhi,North West Delhi,32.92348656201413,12,4,0,12,12,0,Stable,12,Demographic Instability
Delhi,Shahdara,-6.868486008486032,10,3,0,10,0,0,Healthy,0,Enrolment Failure
Delhi,South Delhi,19.209629437695877,11,4,0,12,12,0,Stable,10,Demographic Instability
Delhi,South East Delhi,-8.5591845063354,9,2,0,9,0,0,Healthy,0,Enrolment Failure
Delhi,South West Delhi,-2.5238340240993073,8,3,0,2,11,0,Stable,4.000000000000001,Demographic Instability
Delhi,West Delhi,20.028006366975234,11,4,0,12,12,0,Stable,8,Demographic Instability
Goa,Bardez,-3.957529540135765,4,0,0,4,0,0,Healthy,0,Biometric Delay
Goa,North Goa,4.250921313224916,9,4,0,7,12,0,Stable,6.999999999999999,Biometric Delay
Goa,South Goa,10.189855214062836,6,2,0,11,11,0,Stable,1.0000000000000002,Biometric Delay
Goa,Tiswadi,-1.9787647700678825,2,0,0,2,0,0,Healthy,0,Biometric Delay
Gujarat,Ahmadabad,4.80291640768182,12,4,0,12,0,0,Healthy,0,Demographic Instability
Gujarat,Ahmedabad,30.228397338393197,12,3,0,4,12,0,Stable,12,Demographic Instability
Gujarat,Amreli,-0.31998199659861737,7,0,0,5,0,0,Healthy,0,Demographic Instability
Gujarat,Anand,-4.853888604140021,11,5,0,4,12,0,Stable,1,Biometric Delay
Gujarat,Arvalli,-6.478454784856847,1,0,0,9,0,0,Healthy,0,Biometric Delay
Gujarat,Banas Kantha,-6.944606638052213,7,2,0,7,0,0,Healthy,0,Enrolment Failure
Gujarat,Banaskantha,-6.372541659803917,8,0,0,-4,11,0,Stable,9.999999999999998,Biometric Delay
Gujarat,Bharuch,-10.988421802983444,7,1,0,5,0,0,Healthy,1.0000000000000002,Biometric Delay
Gujarat,Bhavnagar,-2.0667894026355706,11,3,0,4,11,0,Stable,9.999999999999998,Biometric Delay
Gujarat,Botad,-4.924111169317523,0,0,0,9,0,0,Healthy,0,Biometric Delay
Gujarat,Chhotaudepur,-6.160475936620496,1,0,0,9,0,0,Healthy,0,Biometric Delay
Gujarat,Dahod,-0.8771070007975268,5,0,0,9,9,0,Stable,0,Biometric Delay
Gujarat,Devbhumi Dwarka,-6.220171944690594,1,0,0,10,0,0,Healthy,0,Biometric Delay
Gujarat,Dohad,-3.234847519808183,12,2,0,12,0,0,Healthy,0,Enrolment Failure
Gujarat,Gandhinagar,1.639363418980136,12,4,0,12,0,0,Healthy,4,Demographic Instability
Gujarat,Gir Somnath,-5.519727601564419,0,0,0,9,0,0,Healthy,0,Biometric Delay
Gujarat,Jamnagar,-7.216215630851322,9,2,0,5,0,0,Healthy,3,Biometric Delay
Gujarat,Junagadh,-4.248279158255644,11,2,0,4,11,0,Stable,2.0000000000000004,Biometric Delay
Gujarat,Kachchh,-4.305565282631867,5,1,0,2,10,0,Stable,5.999999999999999,Biometric Delay
Gujarat,Kheda,-3.544624664130307,11,2,0,4,11,0,Stable,7.000000000000001,Biometric Delay
Gujarat,Mahesana,-12.086273960141499,10,1,0,1,10,0,Stable,1.9999999999999998,Biometric Delay
Gujarat,Mahisagar,-2.8268245672777637,0,0,0,9,0,0,Healthy,0,Biometric Delay
Gujarat,Morbi,-5.150116430362968,1,0,0,10,0,0,Healthy,0,Biometric Delay
Gujarat,Narmada,-11.566444886202023,10,2,0,10,0,0,Healthy,0,Enrolment Failure
Gujarat,Navsari,-3.8011984904073985,3,0,0,11,0,0,Healthy,0,Biometric Delay
Gujarat,Panch Mahals,-3.8260162245362244,6,2,0,6,0,0,Healthy,0,Biometric Delay
Gujarat,Panchmahals,-11.106547528860164,11,3,0,-4,11,0,Stable,1.0000000000000002,Biometric Delay
Gujarat,Patan,-0.8577384863039604,8,0,0,11,0,0,Healthy,0,Enrolment Failure
Gujarat,Porbandar,-5.795584045508552,11,3,0,11,0,0,Healthy,0,Enrolment Failure
Gujarat,Rajkot,17.733962756320764,12,3,0,4,12,0,Stable,12,Demographic Instability
Gujarat,Sabar Kantha,-3.689192121658722,7,3,0,7,0,0,Healthy,0,Enrolment Failure
Gujarat,Sabarkantha,-5.005392279315826,11,1,0,4,11,0,Stable,4.999999999999999,Biometric Delay
Gujarat,Surat,34.82691004110406,9,4,0,4,12,0,Stable,12,Demographic Instability
Gujarat,Surendra Nagar,-8.593766357162542,11,3,0,2,11,0,Stable,0,Biometric Delay
Gujarat,Surendranagar,-1.0734825377605959,7,3,0,7,0,0,Healthy,0,Demographic Instability
Gujarat,Tapi,-9.373798889067634,8,0,0,9,0,0,Healthy,0,Biometric Delay
Gujarat,The Dangs,-8.333376690761364,7,0,0,9,0,0,Healthy,0,Enrolment Failure
Gujarat,Vadodara,18.29121016776184,12,4,0,4,12,0,Stable,12,Demographic Instability
Gujarat,Valsad,-14.719526736228818,7,0,0,2,9,0,Stable,0,Biometric Delay
Haryana,Akhera,-0.9893823850339413,1,0,0,1,0,0,Healthy,0,Biometric Delay
Haryana,Ambala,-6.680864367802021,11,3,0,7,0,0,Healthy,0,Enrolment Failure
Haryana,Bhiwani,-8.200924431427522,9,0,0,5,9,0,Stable,0,Biometric Delay
Haryana,Charkhi Dadri,-10.583932819850448,9,1,0,9,0,0,Healthy,0,Enrolment Failure
Haryana,Faridabad,13.760599955538972,7,2,0,3,12,0,Stable,12,Demographic Instability
Haryana,Fatehabad,-1.3818642886868782,10,1,0,10,10,0,Stable,0,Biometric Delay
Haryana,Gurgaon,8.626633364997668,8,5,0,4,0,0,Healthy,12,Demographic Instability
Haryana,Hisar,-8.374022003973538,8,0,0,6,11,0,Stable,4.000000000000001,Biometric Delay
Haryana,Jhajjar,-11.188845797546378,8,0,0,4,0,0,Healthy,0,Biometric Delay
Haryana,Jind,-8.401189159251482,11,2,0,7,11,0,Stable,0,Biometric Delay
Haryana,Kaithal,-4.761135161066149,7,0,0,9,9,0,Stable,0,Biometric Delay
Haryana,Karnal,-14.983400171301561,9,0,0,3,9,0,Stable,0,Biometric Delay
Haryana,Kurukshetra,-11.905691687973928,9,0,0,4,0,0,Healthy,0,Biometric Delay
Haryana,Mahendragarh,-5.1148960898052005,10,2,0,11,0,0,Healthy,0,Enrolment Failure
Haryana,Mewat,12.154183957973634,6,0,0,12,12,0,Stable,12,Biometric Delay
Haryana,Palwal,5.662739152507503,4,0,0,10,0,0,Healthy,5.999999999999999,Biometric Delay
Haryana,Panchkula,-6.639792279976754,3,0,0,4,0,0,Healthy,0,Biometric Delay
Haryana,Panipat,-5.135805268863486,10,1,0,10,0,0,Healthy,1.9999999999999998,Enrolment Failure
Haryana,Rewari,-12.356415830699266,5,0,0,5,0,0,Healthy,0,Biometric Delay
Haryana,Rohtak,-6.042631831178304,9,0,0,9,9,0,Stable,0,Biometric Delay
Haryana,Sirsa,7.4379557801453515,11,2,0,12,12,0,Stable,6,Enrolment Failure
Haryana,Sonipat,-11.12665645152084,8,0,0,4,9,0,Stable,1.0000000000000002,Biometric Delay
Haryana,Yamuna Nagar,-6.170406809420976,10,1,0,6,10,0,Stable,2.9999999999999996,Biometric Delay
Haryana,Yamunanagar,-5.12801778551453,9,1,0,9,0,0,Healthy,0,Enrolment Failure
Himachal Pradesh,Bilaspur,-10.73104350213852,6,0,0,5,0,0,Healthy,0,Biometric Delay
Himachal Pradesh,Chamba,9.744834524094582,7,3,0,11,11,0,Stable,9.999999999999998,Biometric Delay
Himachal Pradesh,Hamirpur,-10.160101300092238,6,2,0,6,0,0,Healthy,0,Biometric Delay
Himachal Pradesh,Kangra,28.830763637385605,8,3,0,8,12,0,Stable,12,Demographic Instability
Himachal Pradesh,Kinnaur,-5.148591947618028,7,1,0,11,0,0,Healthy,0,Enrolment Failure
Himachal Pradesh,Kullu,-5.252270274014616,6,1,0,10,0,0,Healthy,0,Biometric Delay
Himachal Pradesh,Lahaul And Spiti,-4.516781205079687,3,1,0,4,0,0,Healthy,0,Biometric Delay
Himachal Pradesh,Lahul & Spiti,-6.446911925169707,5,0,0,5,0,0,Healthy,0,Enrolment Failure
Himachal Pradesh,Lahul And Spiti,-3.891804299867181,0,0,0,6,0,0,Healthy,0,Biometric Delay
Himachal Pradesh,Mandi,-0.01930205787734307,9,3,0,6,11,0,Stable,4.999999999999999,Biometric Delay
Himachal Pradesh,Shimla,-1.5716928824878271,7,2,0,6,10,0,Stable,3.9999999999999996,Biometric Delay
Himachal Pradesh,Sirmaur,-7.452594766680049,8,3,0,7,11,0,Stable,1.0000000000000002,Biometric Delay
Himachal Pradesh,Solan,-1.7037443437212674,6,0,0,9,9,0,Stable,0,Biometric Delay
Himachal Pradesh,Una,2.290525486188652,8,1,0,11,11,0,Stable,1.0000000000000002,Biometric Delay
Jammu & Kashmir,Anantnag,-1.297268099955727,0,0,0,2,0,0,Healthy,2,Biometric Delay
Jammu & Kashmir,Badgam,-2.9094199718093945,2,0,0,3,0,0,Healthy,3,Biometric Delay
Jammu & Kashmir,Bandipur,-0.9893823850339413,1,0,0,1,0,0,Healthy,1,Biometric Delay
Jammu & Kashmir,Baramula,0.63286465594749,5,2,0,6,6,0,Stable,6,Biometric Delay
Jammu & Kashmir,Doda,-1.3380164350118047,1,0,0,2,0,0,Healthy,2,Biometric Delay
Jammu & Kashmir,Jammu,17.73426019534988,10,4,0,10,10,0,Stable,10,Demographic Instability
Jammu & Kashmir,Kargil,-1.9787647700678825,2,0,0,2,0,0,Healthy,2,Biometric Delay
Jammu & Kashmir,Kathua,-1.0861386288418502,2,0,0,4,4,0,Stable,4,Biometric Delay
Jammu & Kashmir,Kupwara,-2.968147155101824,3,0,0,3,0,0,Healthy,3,Biometric Delay
Jammu & Kashmir,Leh (Ladakh),-2.0352845349675315,1,1,0,4,0,0,Healthy,4,Biometric Delay
Jammu & Kashmir,Pulwama,-1.3380164350118047,1,1,0,2,0,0,Healthy,2,Biometric Delay
Jammu & Kashmir,Punch,-1.9787647700678825,2,0,0,2,0,0,Healthy,2,Biometric Delay
Jammu & Kashmir,Rajauri,-3.6395506918994136,4,1,0,4,0,0,Healthy,4,Biometric Delay
Jammu & Kashmir,Srinagar,-3.3215718436630617,4,1,0,4,0,0,Healthy,4,Biometric Delay
Jammu & Kashmir,Udhampur,-3.957529540135765,4,0,0,4,0,0,Healthy,4,Biometric Delay
Jammu and Kashmir,?,-0.9893823850339413,1,0,0,1,0,0,Healthy,0,Biometric Delay
Jammu and Kashmir,Anantnag,9.41709966210487,7,3,0,7,12,0,Stable,12,Demographic Instability
Jammu and Kashmir,Badgam,-0.2012765587655163,12,4,0,12,0,0,Healthy,0,Demographic Instability
Jammu and Kashmir,Bandipore,-4.893351182258465,2,2,0,9,0,0,Healthy,0,Biometric Delay
Jammu and Kashmir,Baramula,14.649469463980319,9,3,0,7,12,0,Stable,12,Demographic Instability
Jammu and Kashmir,Budgam,-3.1003538380452826,1,0,0,10,0,0,Healthy,0.9999999999999999,Biometric Delay
Jammu and Kashmir,Doda,5.341330651522756,6,1,0,10,10,0,Stable,0,Biometric Delay
Jammu and Kashmir,Ganderbal,-7.877708484705064,6,2,0,10,0,0,Healthy,0,Biometric Delay
Jammu and Kashmir,Jammu,27.529933675615066,9,3,0,7,12,0,Stable,12,Demographic Instability
Jammu and Kashmir,Kargil,-11.395209465252096,3,0,0,5,0,0,Healthy,0,Biometric Delay
Jammu and Kashmir,Kathua,2.350971872091713,5,2,0,8,12,0,Stable,1,Biometric Delay
Jammu and Kashmir,Kishtwar,-3.494983619887155,3,1,0,10,0,0,Healthy,0,Biometric Delay
Jammu and Kashmir,Kulgam,-4.575372334022113,2,2,0,9,0,0,Healthy,0,Biometric Delay
Jammu and Kashmir,Kupwara,8.969800212417455,9,3,0,12,12,0,Stable,10,Biometric Delay
Jammu and Kashmir,Leh,-6.218564718177385,2,0,0,9,0,0,Healthy,0,Biometric Delay
Jammu and Kashmir,Poonch,-0.6486340499778634,0,0,0,1,0,0,Healthy,0,Biometric Delay
Jammu and Kashmir,Pulwama,-2.658181974351465,6,0,0,9,9,0,Stable,0,Biometric Delay
Jammu and Kashmir,Punch,-1.5097159761763814,5,2,0,10,10,0,Stable,0.9999999999999999,Biometric Delay
Jammu and Kashmir,Rajouri,-8.626056893615663,4,1,0,4,9,0,Stable,0,Biometric Delay
Jammu and Kashmir,Ramban,-1.2394146375494075,2,2,0,9,9,0,Stable,0,Biometric Delay
Jammu and Kashmir,Reasi,-2.283710635779836,2,1,0,9,0,0,Healthy,0,Biometric Delay
Jammu and Kashmir,Samba,-4.7369156874416225,6,3,0,11,0,0,Healthy,0,Enrolment Failure
Jammu and Kashmir,Shupiyan,-5.126542330535973,2,1,0,9,0,0,Healthy,0,Biometric Delay
Jammu and Kashmir,Srinagar,26.362633945121555,9,2,0,8,12,0,Stable,12,Demographic Instability
Jammu and Kashmir,Udhampur,6.029833477605202,9,3,0,7,13,0,Stable,0,Biometric Delay
Jharkhand,Bokaro,9.22919379645261,10,4,0,8,12,0,Stable,10,Biometric Delay
Jharkhand,Bokaro *,-2.3273988200457456,2,0,0,3,0,0,Healthy,0,Biometric Delay
Jharkhand,Chatra,2.867550671091397,9,2,0,11,11,0,Stable,0,Biometric Delay
Jharkhand,Deoghar,8.999808134174653,8,1,0,12,12,0,Stable,2,Biometric Delay
Jharkhand,Dhanbad,15.776707962129386,12,3,0,7,12,0,Stable,12,Demographic Instability
Jharkhand,Dumka,4.158689612093224,9,0,0,7,12,0,Stable,5,Demographic Instability
Jharkhand,East Singhbhum,4.090616871887945,12,3,0,7,12,0,Stable,6,Demographic Instability
Jharkhand,Garhwa,3.6640583211610482,12,3,0,12,12,0,Stable,2,Biometric Delay
Jharkhand,Garhwa *,0.8051477820463968,12,4,0,12,0,0,Healthy,0,Demographic Instability
Jharkhand,Giridih,19.623038704050387,9,2,0,5,12,0,Stable,12,Demographic Instability
Jharkhand,Godda,10.143875991524475,6,1,0,8,12,0,Stable,8,Biometric Delay
Jharkhand,Gumla,8.974586561462527,12,3,0,12,12,0,Stable,2,Enrolment Failure
Jharkhand,Hazaribag,-0.6196115138878382,12,3,0,12,0,0,Healthy,0,Demographic Instability
Jharkhand,Hazaribagh,-4.080436502634365,5,1,0,3,10,0,Stable,7.000000000000001,Biometric Delay
Jharkhand,Jamtara,4.611391853561517,10,1,0,12,0,0,Healthy,0,Demographic Instability
Jharkhand,Khunti,1.3072527031271708,12,2,0,12,0,0,Healthy,0,Enrolment Failure
Jharkhand,Kodarma,-3.3712159115417233,12,3,0,12,0,0,Healthy,0,Enrolment Failure
Jharkhand,Koderma,0.677389551686872,8,2,0,11,0,0,Healthy,0,Enrolment Failure
Jharkhand,Latehar,2.640382020059017,7,1,0,11,0,0,Healthy,0,Enrolment Failure
Jharkhand,Lohardaga,-4.70272680928823,10,3,0,10,0,0,Healthy,0,Enrolment Failure
Jharkhand,Pakaur,-5.729033837169812,12,4,0,12,0,0,Healthy,0,Enrolment Failure
Jharkhand,Pakur,6.070167052590843,5,1,0,12,0,0,Healthy,0,Enrolment Failure
Jharkhand,Palamau,-0.25278259417685534,12,4,0,12,0,0,Healthy,0,Demographic Instability
Jharkhand,Palamu,20.96893928429185,8,2,0,8,12,0,Stable,12,Demographic Instability
Jharkhand,Pashchimi Singhbhum,4.509970476703031,12,4,0,12,0,0,Healthy,0,Demographic Instability
Jharkhand,Purbi Singhbhum,11.944225499932834,12,4,0,12,0,0,Healthy,0,Demographic Instability
Jharkhand,Ramgarh,-3.2066618426770757,11,2,0,8,0,0,Healthy,0,Demographic Instability
Jharkhand,Ranchi,16.534270453762876,12,3,0,3,12,0,Stable,12,Demographic Instability
Jharkhand,Sahebganj,4.096790672990401,4,0,0,5,12,0,Stable,6,Biometric Delay
Jharkhand,Sahibganj,-2.56631206072311,12,3,0,12,0,0,Healthy,0,Demographic Instability
Jharkhand,Seraikela-Kharsawan,20.023114693730033,38,11,0,40,40,0,Stable,0,Demographic Instability
Jharkhand,Simdega,2.0004776710053087,12,3,0,12,0,0,Healthy,0,Demographic Instability
Jharkhand,West Singhbhum,7.7336651833140415,10,2,0,7,12,0,Stable,6,Biometric Delay
Karnataka,Bagalkot,-0.6249918707106488,8,1,0,8,12,0,Stable,8,Biometric Delay
Karnataka,Bagalkot *,-7.980774660466495,10,3,0,10,0,0,Healthy,0,Enrolment Failure
Karnataka,Ballari,-2.9758968156736043,0,0,0,9,0,0,Healthy,0,Biometric Delay
Karnataka,Bangalore,30.93167562178924,12,3,0,12,12,0,Stable,10.999999999999998,Demographic Instability
Karnataka,Bangalore Rural,-0.19662713270173338,9,2,0,12,0,0,Healthy,5,Enrolment Failure
Karnataka,Belagavi,5.270764709304775,3,0,0,8,12,0,Stable,12,Biometric Delay
Karnataka,Belgaum,24.450914235812377,11,2,0,11,11,0,Stable,11,Demographic Instability
Karnataka,Bellary,-8.438033120197957,10,0,0,7,11,0,Stable,4.999999999999999,Biometric Delay
Karnataka,Bengaluru,43.56718245411174,7,3,0,1,12,0,Stable,12,Demographic Instability
Karnataka,Bengaluru Rural,-3.316781205079687,3,2,0,4,0,0,Healthy,0,Biometric Delay
Karnataka,Bengaluru South,1.375952308739824,9,3,0,9,0,0,Healthy,0,Enrolment Failure
Karnataka,Bidar,3.1499347377763476,5,0,0,9,9,0,Stable,4.000000000000001,Biometric Delay
Karnataka,Bijapur,-3.4944098123546734,9,0,0,9,9,0,Stable,2.0000000000000004,Biometric Delay
Karnataka,Bijapur(Kar),-3.957529540135765,4,1,0,4,0,0,Healthy,0,Biometric Delay
Karnataka,Chamarajanagar,-5.484954389973171,12,3,0,12,0,0,Healthy,0,Enrolment Failure
Karnataka,Chamarajanagar *,-5.157529540135766,4,0,0,4,0,0,Healthy,0,Enrolment Failure
Karnataka,Chamrajanagar,-3.4814750887939,3,0,0,10,0,0,Healthy,0,Biometric Delay
Karnataka,Chamrajnagar,-3.0479188104090906,11,4,0,11,0,0,Healthy,0,Enrolment Failure
Karnataka,Chickmagalur,-2.8659000731485365,12,2,0,12,0,0,Healthy,0,Enrolment Failure
Karnataka,Chikkaballapur,-6.011389550109484,7,1,0,7,0,0,Healthy,4.000000000000001,Biometric Delay
Karnataka,Chikkamagaluru,-6.478454784856847,1,0,0,9,0,0,Healthy,0,Biometric Delay
Karnataka,Chikmagalur,-7.432654285578659,9,2,0,9,0,0,Healthy,0,Enrolment Failure
Karnataka,Chitradurga,-4.932178420155307,9,2,0,8,12,0,Stable,8,Biometric Delay
Karnataka,Dakshina Kannada,12.448158510501495,7,2,0,7,11,0,Stable,11,Demographic Instability
Karnataka,Davanagere,1.8293132704452848,11,3,0,11,0,0,Healthy,0,Demographic Instability
Karnataka,Davangere,-1.91753668057832,8,1,0,10,10,0,Stable,0,Biometric Delay
Karnataka,Dharwad,-2.554154136118368,10,3,0,8,12,0,Stable,5,Biometric Delay
Karnataka,Gadag,-9.167935847749728,2,0,0,5,0,0,Healthy,0,Biometric Delay
Karnataka,Gadag *,-8.314926999713666,9,0,0,9,0,0,Healthy,0,Enrolment Failure
Karnataka,Gulbarga,-10.556000146324742,10,0,0,4,10,0,Stable,1.9999999999999998,Biometric Delay
Karnataka,Hasan,-0.3113354479488719,12,2,0,12,0,0,Healthy,0,Demographic Instability
Karnataka,Hassan,-7.333090491295496,2,0,0,6,0,0,Healthy,0,Biometric Delay
Karnataka,Haveri,-2.5587835185037693,8,2,0,10,10,0,Stable,1.9999999999999998,Biometric Delay
Karnataka,Haveri *,-5.875004012919438,10,1,0,10,0,0,Healthy,0,Enrolment Failure
Karnataka,Kalaburagi,0.26014894610388084,1,0,0,10,10,0,Stable,0.9999999999999999,Biometric Delay
Karnataka,Kodagu,-1.367362761929171,6,0,0,10,0,0,Healthy,0,Enrolment Failure
Karnataka,Kolar,-7.929943175659113,9,3,0,8,12,0,Stable,4,Biometric Delay
Karnataka,Koppal,-2.3225962756132184,5,0,0,10,10,0,Stable,0.9999999999999999,Biometric Delay
Karnataka,Mandya,0.8464896900221315,8,1,0,6,11,0,Stable,9,Biometric Delay
Karnataka,Mysore,5.452218070751098,12,2,0,12,12,0,Stable,1,Enrolment Failure
Karnataka,Mysuru,1.6484604351344083,3,1,0,5,11,0,Stable,2.0000000000000004,Biometric Delay
Karnataka,Raichur,-2.5221405716317453,6,0,0,5,10,0,Stable,3.9999999999999996,Biometric Delay
Karnataka,Ramanagar,-6.29165999182779,7,1,0,4,0,0,Healthy,0,Biometric Delay
Karnataka,Shimoga,1.4087187511914487,11,2,0,11,0,0,Healthy,0,Demographic Instability
Karnataka,Shivamogga,-2.9758968156736043,0,0,0,9,0,0,Healthy,0,Biometric Delay
Karnataka,Tumakuru,-0.09560848918833909,1,0,0,9,0,0,Healthy,0,Biometric Delay
Karnataka,Tumkur,-0.8963167008863464,11,0,0,7,11,0,Stable,5.999999999999998,Biometric Delay
Karnataka,Udupi,-6.0191147146799375,1,0,0,5,0,0,Healthy,0,Biometric Delay
Karnataka,Udupi *,-1.3380164350118047,1,1,0,2,0,0,Healthy,0,Biometric Delay
Karnataka,Uttara Kannada,-3.6267775160091977,4,0,0,6,0,0,Healthy,3.9999999999999996,Biometric Delay
Karnataka,Vijayanagara,-5.624895734739929,10,3,0,10,0,0,Healthy,0,Enrolment Failure
Karnataka,Vijayapura,-10.03086094928856,0,0,0,4,0,0,Healthy,0,Biometric Delay
Karnataka,yadgir,0.7495524818935022,13,1,0,19,19,0,Stable,0,Biometric Delay
Kerala,Alappuzha,-3.8204218254510818,12,3,0,8,0,0,Healthy,0,Demographic Instability
Kerala,Ernakulam,1.8756464232368193,11,3,0,7,12,0,Stable,9,Demographic Instability
Kerala,Idukki,-7.276683148544232,10,3,0,8,0,0,Healthy,0,Enrolment Failure
Kerala,Kannur,2.0248002335652484,11,2,0,8,12,0,Stable,4,Demographic Instability
Kerala,Kasaragod,-3.9683304648537074,8,1,0,7,0,0,Healthy,0,Biometric Delay
Kerala,Kasargod,-2.885503211775611,11,4,0,11,0,0,Healthy,0,Enrolment Failure
Kerala,Kollam,-0.15225155431290693,12,3,0,7,12,0,Stable,0,Demographic Instability
Kerala,Kottayam,-5.948036897668303,12,3,0,7,0,0,Healthy,0,Demographic Instability
Kerala,Kozhikode,2.7167331379451505,11,3,0,8,12,0,Stable,12,Demographic Instability
Kerala,Malappuram,22.11719476177221,11,1,0,7,12,0,Stable,12,Demographic Instability
Kerala,Palakkad,1.8379000690625744,12,3,0,8,12,0,Stable,0,Biometric Delay
Kerala,Pathanamthitta,-3.9797539131597146,11,3,0,7,0,0,Healthy,0,Demographic Instability
Kerala,Thiruvananthapuram,1.0215612004470407,12,3,0,6,12,0,Stable,4,Demographic Instability
Kerala,Thrissur,2.039465483444832,11,3,0,7,12,0,Stable,4,Demographic Instability
Kerala,Wayanad,-3.8532700296586317,12,3,0,12,0,0,Healthy,0,Enrolment Failure
Ladakh,Kargil,-8.294620069583704,3,0,0,5,9,0,Stable,0,Biometric Delay
Ladakh,Leh,0.48262122745602987,8,2,0,10,10,0,Stable,5,Biometric Delay
Lakshadweep,Lakshadweep,-8.343160224496964,5,1,0,5,0,0,Healthy,3,Biometric Delay
Madhya Pradesh,Agar Malwa,-6.4543638159883985,12,3,0,12,0,0,Healthy,0,Enrolment Failure
Madhya Pradesh,Alirajpur,-2.698553710016362,6,0,0,11,0,0,Healthy,0,Biometric Delay
Madhya Pradesh,Anuppur,-6.511404988710944,8,1,0,10,0,0,Healthy,0,Biometric Delay
Madhya Pradesh,Ashok Nagar,-5.856869004134268,4,0,0,9,0,0,Healthy,0,Biometric Delay
Madhya Pradesh,Balaghat,-8.168569628291623,5,2,0,6,11,0,Stable,2.0000000000000004,Biometric Delay
Madhya Pradesh,Barwani,2.168677111010986,4,1,0,10,10,0,Stable,2.9999999999999996,Biometric Delay
Madhya Pradesh,Betul,-10.444698893402665,7,1,0,3,9,0,Stable,0,Biometric Delay
Madhya Pradesh,Bhind,-10.836101128130357,2,0,0,1,0,0,Healthy,5,Biometric Delay
Madhya Pradesh,Bhopal,7.594124626741755,9,1,0,5,12,0,Stable,12,Demographic Instability
Madhya Pradesh,Burhanpur,-7.7791140093025035,7,2,0,9,0,0,Healthy,0,Biometric Delay
Madhya Pradesh,Chhatarpur,4.512441017416027,5,1,0,4,12,0,Stable,12,Biometric Delay
Madhya Pradesh,Chhindwara,-6.809907261073046,10,1,0,7,11,0,Stable,4.000000000000001,Biometric Delay
Madhya Pradesh,Damoh,2.3166616627667698,6,1,0,10,10,0,Stable,0,Biometric Delay
Madhya Pradesh,Datia,-17.697120209280587,4,0,0,1,0,0,Healthy,0,Biometric Delay
Madhya Pradesh,Dewas,-14.133659616162626,7,1,0,3,10,0,Stable,0,Biometric Delay
Madhya Pradesh,Dhar,1.6723678376180997,8,1,0,5,12,0,Stable,10.999999999999998,Biometric Delay
Madhya Pradesh,Dindori,-4.893351182258465,2,1,0,9,0,0,Healthy,0,Biometric Delay
Madhya Pradesh,East Nimar,-7.546871653889781,10,1,0,10,0,0,Healthy,0,Enrolment Failure
Madhya Pradesh,Guna,4.898126889197035,7,0,0,12,12,0,Stable,0,Biometric Delay
Madhya Pradesh,Gwalior,7.276244484830595,4,0,0,3,12,0,Stable,12,Demographic Instability
Madhya Pradesh,Harda,-6.058809676110294,5,1,0,9,0,0,Healthy,0,Biometric Delay
Madhya Pradesh,Harda *,-5.345583448805374,12,3,0,12,0,0,Healthy,0,Enrolment Failure
Madhya Pradesh,Hoshangabad,-11.171731084885794,6,0,0,4,9,0,Stable,0,Biometric Delay
Madhya Pradesh,Indore,23.67775676387843,8,2,0,4,12,0,Stable,12,Demographic Instability
Madhya Pradesh,Jabalpur,13.304457172900939,7,0,0,6,12,0,Stable,12,Demographic Instability
Madhya Pradesh,Jhabua,4.628699658766067,5,1,0,11,0,0,Healthy,4.000000000000001,Biometric Delay
Madhya Pradesh,Katni,-9.979348335271329,2,1,0,1,9,0,Stable,1.0000000000000002,Biometric Delay
Madhya Pradesh,Khandwa,-15.797189332284827,0,0,0,1,0,0,Healthy,0,Biometric Delay
Madhya Pradesh,Khargone,-14.819794786339195,6,1,0,0,9,0,Stable,0,Biometric Delay
Madhya Pradesh,Maihar,1.796090896485362,12,4,0,12,0,0,Healthy,0,Demographic Instability
Madhya Pradesh,Mandla,-2.527531448635529,4,1,0,10,0,0,Healthy,0,Biometric Delay
Madhya Pradesh,Mandsaur,-13.000371515828345,5,0,0,5,0,0,Healthy,0,Biometric Delay
Madhya Pradesh,Mauganj,3.19267579216209,12,4,0,12,0,0,Healthy,0,Demographic Instability
Madhya Pradesh,Morena,1.3751961650870679,2,0,0,3,11,0,Stable,11,Biometric Delay
Madhya Pradesh,Narmadapuram,-0.8556575600817848,11,3,0,11,0,0,Healthy,0,Demographic Instability
Madhya Pradesh,Narsimhapur,-3.5918160232605363,12,3,0,12,0,0,Healthy,0,Enrolment Failure
Madhya Pradesh,Narsinghpur,-9.060467916930094,1,0,0,4,0,0,Healthy,0,Biometric Delay
Madhya Pradesh,Neemuch,-4.247812208619011,0,0,0,9,0,0,Healthy,0,Biometric Delay
Madhya Pradesh,Niwari,3.998559705770614,4,2,0,10,0,0,Healthy,0,Demographic Instability
Madhya Pradesh,Pandhurna,-3.401013622034599,10,4,0,10,0,0,Healthy,0,Enrolment Failure
Madhya Pradesh,Panna,-10.310434244555237,5,1,0,2,9,0,Stable,0,Biometric Delay
Madhya Pradesh,Raisen,-14.166605949342523,5,0,0,2,9,0,Stable,0,Biometric Delay
Madhya Pradesh,Rajgarh,-2.5304925848283126,6,2,0,9,9,0,Stable,0,Biometric Delay
Madhya Pradesh,Ratlam,-9.577190553793985,3,0,0,1,10,0,Stable,0.9999999999999999,Biometric Delay
Madhya Pradesh,Rewa,15.766547363614997,6,0,0,8,12,0,Stable,10.999999999999998,Demographic Instability
Madhya Pradesh,Sagar,4.950074705172637,6,1,0,5,12,0,Stable,10.999999999999998,Biometric Delay
Madhya Pradesh,Satna,9.745989479528012,6,1,0,6,12,0,Stable,12,Biometric Delay
Madhya Pradesh,Sehore,-8.799695787740816,6,1,0,4,9,0,Stable,0,Biometric Delay
Madhya Pradesh,Seoni,-3.5214947972939847,5,0,0,11,0,0,Healthy,1.0000000000000002,Biometric Delay
Madhya Pradesh,Shahdol,-10.562577115599494,8,2,0,7,0,0,Healthy,0,Biometric Delay
Madhya Pradesh,Shajapur,-11.253994103127114,6,1,0,5,9,0,Stable,0,Biometric Delay
Madhya Pradesh,Sheopur,-4.680391409721033,5,1,0,10,0,0,Healthy,0,Biometric Delay
Madhya Pradesh,Shivpuri,-3.2330361840294874,7,0,0,4,12,0,Stable,6.999999999999999,Biometric Delay
Madhya Pradesh,Sidhi,5.0489161614736675,6,0,0,11,11,0,Stable,0,Biometric Delay
Madhya Pradesh,Singrauli,2.811993053450861,0,0,0,9,9,0,Stable,2.0000000000000004,Biometric Delay
Madhya Pradesh,Tikamgarh,-7.424869741376026,4,1,0,5,9,0,Stable,0,Biometric Delay
Madhya Pradesh,Ujjain,5.565353292141057,4,0,0,8,12,0,Stable,10,Biometric Delay
Madhya Pradesh,Umaria,-4.217235035743757,7,2,0,11,0,0,Healthy,0,Enrolment Failure
Madhya Pradesh,Vidisha,-2.8436807944812896,5,0,0,9,9,0,Stable,0,Biometric Delay
Madhya Pradesh,West Nimar,-5.750794326231422,10,1,0,10,0,0,Healthy,0,Enrolment Failure
Maharashtra,Ahilyanagar,-1.0064139222743878,5,1,0,5,0,0,Healthy,0,Demographic Instability
Maharashtra,Ahmadnagar,26.558624042535524,11,3,0,7,12,0,Stable,10.999999999999998,Demographic Instability
Maharashtra,Ahmed Nagar,9.443338611175546,11,3,0,12,0,0,Healthy,0,Demographic Instability
Maharashtra,Akola,5.2511134241443,11,3,0,12,0,0,Healthy,0,Demographic Instability
Maharashtra,Amravati,1.7705506896179488,11,3,0,5,12,0,Stable,0,Biometric Delay
Maharashtra,Aurangabad,-9.755560469120198,11,2,0,3,12,0,Stable,8,Demographic Instability
Maharashtra,Beed,11.487093560811411,9,2,0,11,11,0,Stable,8.000000000000002,Demographic Instability
Maharashtra,Bhandara,3.687735619239158,11,1,0,12,0,0,Healthy,0,Demographic Instability
Maharashtra,Bid,26.601012333051244,12,4,0,12,0,0,Healthy,0,Demographic Instability
Maharashtra,Buldana,21.37991416502757,12,2,0,12,0,0,Healthy,0,Demographic Instability
Maharashtra,Buldhana,7.090476644178037,11,2,0,6,12,0,Stable,3,Demographic Instability
Maharashtra,Chandrapur,7.997845394787816,11,1,0,5,12,0,Stable,1,Demographic Instability
Maharashtra,Chatrapati Sambhaji Nagar,-7.024339172482853,10,2,0,10,0,0,Healthy,0,Enrolment Failure
Maharashtra,Chhatrapati Sambhajinagar,-5.071035879689589,11,2,0,11,0,0,Healthy,0,Enrolment Failure
Maharashtra,Dharashiv,-1.793649154663333,11,3,0,11,0,0,Healthy,0,Demographic Instability
Maharashtra,Dhule,-3.0148324402214715,11,2,0,5,0,0,Healthy,0,Demographic Instability
Maharashtra,Gadchiroli,5.677154350676388,12,2,0,12,0,0,Healthy,0,Demographic Instability
Maharashtra,Gondia,-2.3570864612190974,5,2,0,5,0,0,Healthy,0,Enrolment Failure
Maharashtra,Gondiya,2.726674231286797,11,2,0,12,0,0,Healthy,0,Demographic Instability
Maharashtra,Gondiya *,2.4707871827136674,8,3,0,8,0,0,Healthy,0,Demographic Instability
Maharashtra,Hingoli,9.34396158740348,10,2,0,12,0,0,Healthy,3,Demographic Instability
Maharashtra,Hingoli *,-3.957529540135765,4,0,0,4,0,0,Healthy,0,Biometric Delay
Maharashtra,Jalgaon,2.665918744932634,10,3,0,4,12,0,Stable,8,Demographic Instability
Maharashtra,Jalna,4.486321655119695,11,2,0,12,0,0,Healthy,0,Demographic Instability
Maharashtra,Kolhapur,3.1448472339355678,11,4,0,5,12,0,Stable,5,Demographic Instability
Maharashtra,Latur,11.327727365125073,11,3,0,12,12,0,Stable,1,Demographic Instability
Maharashtra,Mumbai,-3.8403709353245037,12,3,0,4,12,0,Stable,6,Demographic Instability
Maharashtra,Mumbai City,0.28600821479706506,6,3,0,12,0,0,Healthy,0,Enrolment Failure
Maharashtra,Mumbai Suburban,16.81813038966099,7,3,0,12,12,0,Stable,6,Demographic Instability
Maharashtra,Mumbai( Sub Urban ),0.20414581336971138,7,2,0,7,0,0,Healthy,0,Demographic Instability
Maharashtra,Nagpur,1.793528524389587,12,2,0,5,12,0,Stable,6,Demographic Instability
Maharashtra,Nanded,31.301383770546398,11,3,0,12,12,0,Stable,10.999999999999998,Demographic Instability
Maharashtra,Nandurbar,4.9368755990973465,11,1,0,11,11,0,Stable,0,Enrolment Failure
Maharashtra,Nandurbar *,-3.957529540135765,4,0,0,4,0,0,Healthy,0,Biometric Delay
Maharashtra,Nashik,26.496886358168535,11,2,0,6,12,0,Stable,12,Demographic Instability
Maharashtra,Osmanabad,10.542720368548999,10,3,0,12,0,0,Healthy,1,Demographic Instability
Maharashtra,Palghar,-2.6536177016520965,5,0,0,4,0,0,Healthy,4,Demographic Instability
Maharashtra,Parbhani,7.251608690758622,11,2,0,12,0,0,Healthy,1,Demographic Instability
Maharashtra,Pune,27.891780651129512,10,3,0,4,12,0,Stable,12,Demographic Instability
Maharashtra,Raigad,-3.437684859719917,12,4,0,12,0,0,Healthy,0,Enrolment Failure
Maharashtra,Raigarh,2.8922783734455817,10,2,0,8,0,0,Healthy,0,Demographic Instability
Maharashtra,Raigarh(Mh),-1.289270281633995,4,0,0,4,0,0,Healthy,0,Enrolment Failure
Maharashtra,Ratnagiri,3.7604752337304697,11,3,0,12,0,0,Healthy,0,Demographic Instability
Maharashtra,Sangli,10.578691412309263,11,2,0,12,12,0,Stable,0,Demographic Instability
Maharashtra,Satara,1.6428566578607715,11,4,0,4,12,0,Stable,0,Demographic Instability
Maharashtra,Sindhudurg,1.3070762708847652,11,3,0,12,0,0,Healthy,0,Demographic Instability
Maharashtra,Solapur,21.76594848504992,10,3,0,4,12,0,Stable,12,Demographic Instability
Maharashtra,Thane,25.176940402843783,12,3,0,4,12,0,Stable,12,Demographic Instability
Maharashtra,Wardha,0.8572758232421731,11,1,0,12,0,0,Healthy,0,Enrolment Failure
Maharashtra,Washim,7.4371277155229985,11,1,0,12,0,0,Healthy,0,Demographic Instability
Maharashtra,Washim *,-3.957529540135765,4,1,0,4,0,0,Healthy,0,Biometric Delay
Maharashtra,Yavatmal,26.31430268405279,12,1,0,6,12,0,Stable,10,Demographic Instability
Manipur,Bishnupur,5.083703454504378,3,0,0,11,11,0,Stable,2.0000000000000004,Biometric Delay
Manipur,Chandel,-4.175012072271176,2,1,0,9,0,0,Healthy,0,Biometric Delay
Manipur,Churachandpur,2.4652556498624265,4,0,0,9,9,0,Stable,0,Biometric Delay
Manipur,Imphal East,20.479262466581247,3,0,0,11,11,0,Stable,7.000000000000001,Biometric Delay
Manipur,Imphal West,34.33587585272131,4,0,0,12,12,0,Stable,10.999999999999998,Demographic Instability
Manipur,Jiribam,-10.09799147818965,10,4,0,10,0,0,Healthy,0,Enrolment Failure
Manipur,Kakching,-3.882832934812607,0,0,0,9,0,0,Healthy,0,Biometric Delay
Manipur,Pherzawl,-1.2380164350118048,1,0,0,2,0,0,Healthy,0,Biometric Delay
Manipur,Senapati,-8.316861431984398,4,0,0,0,9,0,Stable,0,Biometric Delay
Manipur,Tamenglong,-7.764742093552377,4,1,0,9,0,0,Healthy,0,Biometric Delay
Manipur,Thoubal,30.443730554065286,4,0,0,12,12,0,Stable,9,Demographic Instability
Manipur,Ukhrul,-2.440324718964651,7,1,0,10,10,0,Stable,0,Biometric Delay
Meghalaya,East Garo Hills,1.5719437750890088,10,4,0,12,0,0,Healthy,0,Demographic Instability
Meghalaya,East Jaintia Hills,-3.7228343601241414,0,0,0,9,0,0,Healthy,0,Biometric Delay
Meghalaya,East Khasi Hills,47.028153475676426,9,4,21.49001802098956,-8,12,0,Stable,12,Demographic Instability
Meghalaya,Eastern West Khasi Hills,-2.998391782180392,5,2,0,5,0,0,Healthy,0,Biometric Delay
Meghalaya,Jaintia Hills,-2.968147155101824,3,1,0,3,0,0,Healthy,0,Biometric Delay
Meghalaya,North Garo Hills,22.173249163122918,3,0,0,12,0,0,Healthy,0,Enrolment Failure
Meghalaya,Ri Bhoi,43.76586475569159,6,2,2.741928752332611,12,12,0,Stable,2,Enrolment Failure
Meghalaya,South Garo Hills,-1.2205172949609462,6,2,0,11,0,0,Healthy,0,Enrolment Failure
Meghalaya,South West Garo Hills,4.289994810133392,7,2,0,12,12,0,Stable,0,Biometric Delay
Meghalaya,South West Khasi Hills,-4.2273632894193485,3,1,0,9,0,0,Healthy,0,Biometric Delay
Meghalaya,West Garo Hills,25.648825836705445,12,5,0,3,12,0,Stable,12,Demographic Instability
Meghalaya,West Jaintia Hills,6.566515661280569,0,0,0,9,9,0,Stable,0,Biometric Delay
Meghalaya,West Khasi Hills,2.8213139930363442,4,1,0,11,0,0,Healthy,7.000000000000001,Biometric Delay
Mizoram,Aizawl,34.85988497949302,3,0,0,4,12,0,Stable,12,Demographic Instability
Mizoram,Champhai,8.928822937948018,3,0,0,10,10,0,Stable,2.9999999999999996,Biometric Delay
Mizoram,Hnahthial,-4.516781205079687,3,1,0,4,0,0,Healthy,0,Biometric Delay
Mizoram,Khawzawl,-2.586650484989668,1,1,0,3,0,0,Healthy,0,Biometric Delay
Mizoram,Kolasib,-2.569573557911093,1,0,0,9,0,0,Healthy,0,Biometric Delay
Mizoram,Lawngtlai,8.204724475266152,5,1,0,12,12,0,Stable,5,Biometric Delay
Mizoram,Lunglei,15.000789606294472,2,0,0,11,11,0,Stable,5.999999999999998,Biometric Delay
Mizoram,Mamit,3.0493182917557102,0,0,0,9,9,0,Stable,0,Biometric Delay
Mizoram,Mammit,-7.015596285214267,6,0,0,10,0,0,Healthy,0,Biometric Delay
Mizoram,Saiha,1.4869139252247496,3,0,0,10,0,0,Healthy,0,Biometric Delay
Mizoram,Saitual,-5.806163590113629,4,2,0,5,0,0,Healthy,0,Biometric Delay
Mizoram,Serchhip,-4.922703660158117,4,0,0,9,0,0,Healthy,0,Biometric Delay
Nagaland,Chumukedima,-4.949515118062313,8,4,0,11,0,0,Healthy,1.0000000000000002,Enrolment Failure
Nagaland,Dimapur,37.04649187632085,10,5,0,3,12,0,Stable,12,Demographic Instability
Nagaland,Kiphire,-4.860490720225311,10,3,0,11,0,0,Healthy,0,Enrolment Failure
Nagaland,Kohima,10.176160410720353,12,4,0,12,12,0,Stable,4,Biometric Delay
Nagaland,Longleng,-5.267583980598436,11,3,0,11,0,0,Healthy,0,Enrolment Failure
Nagaland,Meluri,-4.839550691899413,4,1,0,4,0,0,Healthy,0,Enrolment Failure
Nagaland,Mokokchung,6.688898371610555,12,3,0,12,12,0,Stable,2,Enrolment Failure
Nagaland,Mon,15.286094421218523,10,4,0,6,12,0,Stable,10.999999999999998,Demographic Instability
Nagaland,Niuland,-7.103431690069354,4,2,0,7,0,0,Healthy,0,Biometric Delay
Nagaland,Noklak,-11.937592912722579,10,2,0,10,0,0,Healthy,0,Enrolment Failure
Nagaland,Peren,0.12559818522124672,7,3,0,9,0,0,Healthy,0,Enrolment Failure
Nagaland,Phek,6.134175013208544,12,3,0,12,12,0,Stable,0,Enrolment Failure
Nagaland,Shamator,-3.834489249636294,6,2,0,6,0,0,Healthy,0,Biometric Delay
Nagaland,Tseminyu,-7.7362943102036485,6,2,0,6,0,0,Healthy,0,Enrolment Failure
Nagaland,Tuensang,11.798447528840342,12,3,0,12,12,0,Stable,8,Demographic Instability
Nagaland,Wokha,0.3933789024641316,9,3,0,11,11,0,Stable,1.0000000000000002,Biometric Delay
Nagaland,Zunheboto,7.388135166545691,12,3,0,12,12,0,Stable,4,Demographic Instability
Odisha,Angul,3.3964189332866486,4,1,0,10,10,0,Stable,0,Biometric Delay
Odisha,Anugal,-1.9787647700678825,2,0,0,2,0,0,Healthy,0,Biometric Delay
Odisha,Anugul,-2.5643094145324716,18,4,0,20,0,0,Healthy,0,Enrolment Failure
Odisha,Balangir,-0.9620286835894342,5,1,0,8,13,0,Stable,3.999999999999999,Biometric Delay
Odisha,Baleshwar,-1.1080708688243823,12,3,0,12,0,0,Healthy,0,Demographic Instability
Odisha,Baleswar,0.49755246197962444,5,1,0,7,11,0,Stable,4.999999999999999,Biometric Delay
Odisha,Bargarh,-1.0218074981299634,5,1,0,7,11,0,Stable,4.999999999999999,Biometric Delay
Odisha,Baudh,-5.370594001929026,11,2,0,11,0,0,Healthy,0,Enrolment Failure
Odisha,Bhadrak,7.819244543167781,7,2,0,12,12,0,Stable,6.999999999999999,Biometric Delay
Odisha,Boudh,-8.699616476252865,6,1,0,10,0,0,Healthy,0,Biometric Delay
Odisha,Cuttack,5.250229691532065,8,3,0,8,12,0,Stable,10,Biometric Delay
Odisha,Debagarh,-5.470832996648608,5,1,0,10,0,0,Healthy,0,Biometric Delay
Odisha,Dhenkanal,-9.980817708618057,6,1,0,5,9,0,Stable,0,Biometric Delay
Odisha,Gajapati,-2.8964196960336803,8,3,0,13,13,0,Stable,0,Biometric Delay
Odisha,Ganjam,33.26697399303808,7,3,0,8,12,0,Stable,12,Demographic Instability
Odisha,Jagatsinghapur,-3.3525800053898074,6,1,0,10,10,0,Stable,0,Biometric Delay
Odisha,Jagatsinghpur,5.5427839044195615,12,3,0,12,0,0,Healthy,0,Demographic Instability
Odisha,Jajapur,-10.492941886472275,5,1,0,6,0,0,Healthy,0,Biometric Delay
Odisha,JAJPUR,-11.225889838509856,14,2,0,24,0,0,Healthy,0,Biometric Delay
Odisha,Jharsuguda,-7.211385218599722,7,2,0,11,0,0,Healthy,0,Biometric Delay
Odisha,Kalahandi,12.442941655662288,8,3,0,8,12,0,Stable,12,Demographic Instability
Odisha,Kandhamal,-11.00642190126205,5,1,0,6,0,0,Healthy,0.9999999999999999,Biometric Delay
Odisha,Kendrapara,4.79771202415041,6,1,0,10,10,0,Stable,3.9999999999999996,Biometric Delay
Odisha,Kendujhar,16.12283866891274,9,3,0,8,12,0,Stable,12,Demographic Instability
Odisha,Khorda,1.9492537747145922,5,2,0,6,10,0,Stable,3.9999999999999996,Biometric Delay
Odisha,Khordha,1.5407988118240379,12,4,0,12,0,0,Healthy,0,Demographic Instability
Odisha,Koraput,0.6645925867635674,9,2,0,6,12,0,Stable,9,Biometric Delay
Odisha,Malkangiri,-4.2573934857857605,2,0,0,9,0,0,Healthy,0,Biometric Delay
Odisha,Mayurbhanj,28.441790030838188,8,3,0,8,12,0,Stable,12,Demographic Instability
Odisha,Nabarangapur,11.88582069338451,7,4,0,12,12,0,Stable,10,Biometric Delay
Odisha,Nayagarh,-2.2070373109997403,7,4,0,12,12,0,Stable,0,Biometric Delay
Odisha,Nuapada,-3.532985530702888,15,5,0,19,19,0,Stable,0,Biometric Delay
Odisha,Puri,-7.669939773467532,7,1,0,7,11,0,Stable,1.0000000000000002,Biometric Delay
Odisha,Rayagada,-1.1390554716942702,6,2,0,7,11,0,Stable,2.0000000000000004,Biometric Delay
Odisha,Sambalpur,-2.259676540255428,6,1,0,10,0,0,Healthy,0,Biometric Delay
Odisha,Sonapur,-6.381172091653796,3,1,0,10,0,0,Healthy,0,Biometric Delay
Odisha,Subarnapur,-2.262776061758135,12,3,0,12,0,0,Healthy,0,Demographic Instability
Odisha,Sundargarh,0.2900162441131027,12,3,0,12,0,0,Healthy,0,Demographic Instability
Odisha,Sundergarh,-0.11963524660964975,6,3,0,8,12,0,Stable,4,Biometric Delay
Orissa,Angul,-0.6486340499778634,0,0,0,1,0,0,Healthy,0,Biometric Delay
Orissa,Anugul,-5.157529540135766,4,0,0,4,0,0,Healthy,0,Enrolment Failure
Orissa,Anugul  *,-0.9893823850339413,1,0,0,1,0,0,Healthy,0,Biometric Delay
Orissa,Balangir,48.18612228937886,12,1,0,12,12,0,Stable,12,Demographic Instability
Orissa,Baleshwar,9.947025518000912,12,4,0,12,12,0,Stable,3,Demographic Instability
Orissa,Baleswar,-3.876032870023609,2,1,0,4,0,0,Healthy,0,Biometric Delay
Orissa,Bargarh,-3.4284084300144335,12,3,0,12,0,0,Healthy,0,Enrolment Failure
Orissa,Baudh,-3.957529540135765,4,1,0,4,0,0,Healthy,0,Biometric Delay
Orissa,Bhadrak,28.692520745134342,12,2,0,12,12,0,Stable,12,Demographic Instability
Orissa,Cuttack,21.373778974740787,12,3,0,12,12,0,Stable,3,Demographic Instability
Orissa,Debagarh,-2.3273988200457456,2,1,0,3,0,0,Healthy,0,Biometric Delay
Orissa,Dhenkanal,-5.056936039419437,12,3,0,12,0,0,Healthy,0,Enrolment Failure
Orissa,Gajapati,-5.157529540135766,4,0,0,4,0,0,Healthy,0,Enrolment Failure
Orissa,Ganjam,39.23683380839767,12,2,0,12,12,0,Stable,12,Demographic Instability
Orissa,Jagatsinghapur,-5.157529540135766,4,0,0,4,0,0,Healthy,0,Enrolment Failure
Orissa,Jajapur,-6.235818541131626,9,1,0,9,0,0,Healthy,0,Enrolment Failure
Orissa,Jharsuguda,-4.516781205079687,3,1,0,4,0,0,Healthy,0,Biometric Delay
Orissa,Kalahandi,-3.957529540135765,4,0,0,4,0,0,Healthy,0,Biometric Delay
Orissa,Kandhamal,-4.078234424884389,4,0,0,4,0,0,Healthy,0,Enrolment Failure
Orissa,Kendrapara,-5.4786734749337604,5,0,0,5,0,0,Healthy,0,Enrolment Failure
Orissa,Kendujhar,-6.446911925169707,5,0,0,5,0,0,Healthy,0,Enrolment Failure
Orissa,Khorda,-2.3273988200457456,2,0,0,3,0,0,Healthy,0,Biometric Delay
Orissa,Khordha,43.126804450569885,12,2,0,12,0,0,Healthy,12,Demographic Instability
Orissa,Khordha  *,-0.9893823850339413,1,0,0,1,0,0,Healthy,0,Biometric Delay
Orissa,Koraput,-1.8709499569282433,11,1,0,11,11,0,Stable,0,Biometric Delay
Orissa,Malkangiri,-6.446911925169707,5,1,0,5,0,0,Healthy,0,Enrolment Failure
Orissa,Mayurbhanj,-5.157529540135766,4,0,0,4,0,0,Healthy,0,Enrolment Failure
Orissa,Nabarangapur,-3.957529540135765,4,1,0,4,0,0,Healthy,0,Biometric Delay
Orissa,Nayagarh,-1.9756428815071425,9,3,0,9,9,0,Stable,0,Biometric Delay
Orissa,Nuapada,-1.9787647700678825,2,0,0,2,0,0,Healthy,0,Biometric Delay
Orissa,Puri,15.62858714427974,11,2,0,11,11,0,Stable,5.999999999999998,Demographic Instability
Orissa,Rayagada,-2.4880566509037734,11,1,0,11,0,0,Healthy,0,Enrolment Failure
Orissa,Sambalpur,-3.904936693795832,4,0,0,4,0,0,Healthy,0,Enrolment Failure
Orissa,Sonapur,-5.157529540135766,4,0,0,4,0,0,Healthy,0,Enrolment Failure
Orissa,Subarnapur,-3.316781205079687,3,1,0,4,0,0,Healthy,0,Biometric Delay
Orissa,Sundargarh,-3.807095624980864,10,3,0,10,0,0,Healthy,0,Enrolment Failure
Orissa,Sundergarh,-1.9787647700678825,2,0,0,2,0,0,Healthy,0,Biometric Delay
Pondicherry,Cuddalore,-2.968147155101824,3,0,0,3,0,0,Healthy,0,Biometric Delay
Pondicherry,Karaikal,-2.1674123965571246,9,3,0,9,0,0,Healthy,0,Enrolment Failure
Pondicherry,Pondicherry,31.612758371871887,12,2,0,12,12,0,Stable,8,Demographic Instability
Pondicherry,Viluppuram,-3.316781205079687,3,2,0,4,0,0,Healthy,0,Biometric Delay
Pondicherry,Yanam,-3.957529540135765,4,1,0,4,0,0,Healthy,0,Biometric Delay
Puducherry,Karaikal,-8.321570786095554,7,0,0,5,9,0,Stable,0,Biometric Delay
Puducherry,Pondicherry,-3.957529540135765,4,1,0,4,0,0,Healthy,0,Biometric Delay
Puducherry,Puducherry,18.280107210425847,7,1,0,8,12,0,Stable,8,Demographic Instability
Puducherry,Yanam,-4.516781205079687,3,1,0,4,0,0,Healthy,0,Biometric Delay
Punjab,Amritsar,16.158491155383228,12,5,0,4,12,0,Stable,12,Demographic Instability
Punjab,Barnala,3.681531256869319,9,3,0,12,0,0,Healthy,0,Demographic Instability
Punjab,Bathinda,7.023577381795587,9,2,0,8,12,0,Stable,6.999999999999999,Demographic Instability
Punjab,Faridkot,1.7207110811784165,12,2,0,12,0,0,Healthy,0,Demographic Instability
Punjab,Fatehgarh Sahib,3.2833421603743695,9,2,0,12,0,0,Healthy,0,Demographic Instability
Punjab,Fazilka,-0.048202118971847924,8,2,0,8,0,0,Healthy,0,Demographic Instability
Punjab,Ferozepur,4.471073689446499,9,3,0,12,0,0,Healthy,0,Demographic Instability
Punjab,Firozpur,7.723335221065355,12,2,0,12,0,0,Healthy,0,Demographic Instability
Punjab,Gurdaspur,15.914615322572907,12,4,0,12,12,0,Stable,12,Demographic Instability
Punjab,Hoshiarpur,2.863512274507722,11,4,0,4,12,0,Stable,3,Demographic Instability
Punjab,Jalandhar,7.120408149415785,11,4,0,4,12,0,Stable,10.999999999999998,Demographic Instability
Punjab,Kapurthala,3.5057561402690705,11,4,0,12,0,0,Healthy,0,Demographic Instability
Punjab,Ludhiana,22.765125969442085,11,4,0,3,12,0,Stable,12,Demographic Instability
Punjab,Malerkotla,-1.7808238770136204,11,2,0,12,0,0,Healthy,0,Demographic Instability
Punjab,Mansa,5.468197909129504,9,3,0,12,0,0,Healthy,0,Demographic Instability
Punjab,Moga,-3.0911120079211933,12,5,0,6,0,0,Healthy,0,Demographic Instability
Punjab,Muktsar,3.166481890124956,11,1,0,11,0,0,Healthy,0,Demographic Instability
Punjab,Nawanshahr,8.876275378286087,10,4,0,10,0,0,Healthy,0,Demographic Instability
Punjab,Pathankot,-2.3699403539673374,8,3,0,8,0,0,Healthy,0,Demographic Instability
Punjab,Patiala,8.215702145983817,9,3,0,6,12,0,Stable,10.999999999999998,Demographic Instability
Punjab,Rupnagar,0.8960378651502937,11,4,0,12,0,0,Healthy,0,Enrolment Failure
Punjab,S.A.S Nagar(Mohali),2.6927753469553632,10,4,0,10,0,0,Healthy,0,Demographic Instability
Punjab,Sangrur,3.9689985046872622,9,2,0,7,12,0,Stable,1,Demographic Instability
Punjab,SAS Nagar (Mohali),4.427321945835593,8,3,0,5,12,0,Stable,10.999999999999998,Demographic Instability
Punjab,Shaheed Bhagat Singh Nagar,-1.9618567935597435,9,4,0,12,0,0,Healthy,0,Enrolment Failure
Punjab,Sri Muktsar Sahib,4.505133593202507,8,3,0,12,0,0,Healthy,0,Enrolment Failure
Punjab,Tarn Taran,9.541307481614929,12,4,0,12,12,0,Stable,0,Demographic Instability
Rajasthan,Ajmer,4.784823861332425,8,0,0,6,12,0,Stable,10.999999999999998,Demographic Instability
Rajasthan,Alwar,18.408004511448656,7,1,0,4,12,0,Stable,12,Demographic Instability
Rajasthan,Balotra,-0.06262202665348932,2,1,0,2,0,0,Healthy,0,Enrolment Failure
Rajasthan,Banswara,3.58492719105065,8,3,0,8,0,0,Healthy,8,Demographic Instability
Rajasthan,Baran,-3.8401294266851043,9,1,0,6,12,0,Stable,0,Biometric Delay
Rajasthan,Barmer,-3.793622291002183,5,0,0,5,10,0,Stable,1.9999999999999998,Biometric Delay
Rajasthan,Beawar,-2.6383167648031725,5,1,0,5,0,0,Healthy,0,Enrolment Failure
Rajasthan,Bharatpur,0.3106393032579293,8,1,0,6,12,0,Stable,12,Biometric Delay
Rajasthan,Bhilwara,2.3114303928743665,9,2,0,6,12,0,Stable,9,Demographic Instability
Rajasthan,Bikaner,-16.9935512972966,9,1,0,2,10,0,Stable,0,Biometric Delay
Rajasthan,Bundi,-12.775734924138375,9,1,0,6,0,0,Healthy,0,Biometric Delay
Rajasthan,Chittaurgarh,0.956607552435004,12,4,0,12,0,0,Healthy,0,Demographic Instability
Rajasthan,Chittorgarh,-10.59013508498788,5,0,0,5,0,0,Healthy,0,Biometric Delay
Rajasthan,Churu,-12.355035746527745,7,0,0,3,10,0,Stable,0,Biometric Delay
Rajasthan,Dausa,-2.7494823458743074,7,0,0,10,10,0,Stable,0,Biometric Delay
Rajasthan,Deeg,-2.696949433165938,7,2,0,7,0,0,Healthy,0,Enrolment Failure
Rajasthan,Deeg ,-0.6307598677578193,3,0,0,3,0,0,Healthy,0,Demographic Instability
Rajasthan,Deegâ,-1.2893823850339414,1,0,0,1,0,0,Healthy,0,Enrolment Failure
Rajasthan,Dhaulpur,-5.334976978485297,5,0,0,5,0,0,Healthy,0,Enrolment Failure
Rajasthan,Dholpur,-13.35282628220066,3,1,0,4,0,0,Healthy,0,Biometric Delay
Rajasthan,Didwana-Kuchaman,-0.7528804718193305,7,2,0,7,0,0,Healthy,0,Enrolment Failure
Rajasthan,Dungarpur,-2.4666676616142684,7,2,0,8,0,0,Healthy,2,Biometric Delay
Rajasthan,Ganganagar,-6.049617495029985,11,3,0,7,12,0,Stable,0,Biometric Delay
Rajasthan,Hanumangarh,-2.4324930657120807,9,1,0,10,10,0,Stable,0,Biometric Delay
Rajasthan,Jaipur,25.200082992780583,11,3,0,5,12,0,Stable,12,Demographic Instability
Rajasthan,Jaisalmer,-9.113471812895783,5,0,0,6,0,0,Healthy,0,Biometric Delay
Rajasthan,Jalor,-2.9429611003499296,9,1,0,6,12,0,Stable,0,Biometric Delay
Rajasthan,Jalore,2.7716060979113557,8,1,0,8,0,0,Healthy,0,Demographic Instability
Rajasthan,Jhalawar,-10.380762441412969,9,2,0,6,0,0,Healthy,0,Biometric Delay
Rajasthan,Jhunjhunu,-2.018036640629641,12,3,0,12,0,0,Healthy,0,Demographic Instability
Rajasthan,Jhunjhunun,-5.523217441350568,8,1,0,6,10,0,Stable,0,Biometric Delay
Rajasthan,Jodhpur,4.1918596223410045,8,2,0,4,12,0,Stable,12,Demographic Instability
Rajasthan,Karauli,-4.37098341445811,3,1,0,10,0,0,Healthy,0,Biometric Delay
Rajasthan,Khairthal-Tijara,-1.161943061590591,6,1,0,6,0,0,Healthy,0,Demographic Instability
Rajasthan,Kota,-0.35469959959997915,9,2,0,8,0,0,Healthy,3,Demographic Instability
Rajasthan,Kotputli-Behror,-1.381457408170464,6,1,0,6,0,0,Healthy,0,Demographic Instability
Rajasthan,Nagaur,0.5461721539031261,9,1,0,5,12,0,Stable,10.999999999999998,Biometric Delay
Rajasthan,Pali,-5.92460453954107,9,0,0,6,11,0,Stable,0,Biometric Delay
Rajasthan,Phalodi,-0.9893823850339413,1,0,0,1,0,0,Healthy,0,Biometric Delay
Rajasthan,Pratapgarh,2.044007889649236,9,3,0,12,0,0,Healthy,0,Enrolment Failure
Rajasthan,Rajsamand,-2.568386459797337,8,1,0,11,0,0,Healthy,0,Biometric Delay
Rajasthan,Salumbar,-0.9893823850339413,1,0,0,1,0,0,Healthy,0,Biometric Delay
Rajasthan,Sawai Madhopur,-11.92928879503036,5,0,0,4,0,0,Healthy,0,Biometric Delay
Rajasthan,Sikar,-3.144286616436868,10,2,0,4,11,0,Stable,4.999999999999999,Biometric Delay
Rajasthan,Sirohi,-10.390501948056995,8,1,0,2,0,0,Healthy,0,Biometric Delay
Rajasthan,Tonk,-10.951400696119588,9,2,0,6,0,0,Healthy,0,Biometric Delay
Rajasthan,Udaipur,9.994734875211902,9,2,0,7,12,0,Stable,12,Demographic Instability
Sikkim,East,27.265943765180825,10,3,0,6,12,0,Stable,12,Demographic Instability
Sikkim,East Sikkim,12.702238377137432,4,1,0,12,12,0,Stable,6.999999999999999,Biometric Delay
Sikkim,Namchi,-1.4485257560288833,5,2,0,5,0,0,Healthy,0,Enrolment Failure
Sikkim,North,-4.251768460217201,7,0,0,8,0,0,Healthy,0,Enrolment Failure
Sikkim,North Sikkim,-0.24625673218532929,2,0,0,10,10,0,Stable,0,Biometric Delay
Sikkim,South,8.879754172123224,12,3,0,12,0,0,Healthy,3,Demographic Instability
Sikkim,South Sikkim,3.034230642079167,4,1,0,12,0,0,Healthy,0,Biometric Delay
Sikkim,West,8.28958966502879,11,2,0,12,12,0,Stable,2,Enrolment Failure
Sikkim,West Sikkim,6.947899882048883,3,0,0,11,11,0,Stable,0,Biometric Delay
Tamil Nadu,Ariyalur,-7.302397395608384,7,3,0,10,0,0,Healthy,0,Biometric Delay
Tamil Nadu,Chengalpattu,-4.130877363954557,5,2,0,11,0,0,Healthy,0,Enrolment Failure
Tamil Nadu,Chennai,16.2746000668834,9,3,0,5,12,0,Stable,12,Demographic Instability
Tamil Nadu,Coimbatore,16.145135859407358,12,4,0,7,12,0,Stable,12,Demographic Instability
Tamil Nadu,Cuddalore,0.41950459313122035,6,1,0,6,11,0,Stable,9,Biometric Delay
Tamil Nadu,Dharmapuri,-0.7193551250516794,2,0,0,10,10,0,Stable,0,Biometric Delay
Tamil Nadu,Dindigul,-10.035754233558407,10,2,0,6,10,0,Stable,0,Biometric Delay
Tamil Nadu,Erode,-7.648522028337324,7,1,0,6,10,0,Stable,0,Biometric Delay
Tamil Nadu,Kallakurichi,-9.04144812508116,5,0,0,9,0,0,Healthy,0,Biometric Delay
Tamil Nadu,Kancheepuram,23.339787331754493,8,2,0,7,12,0,Stable,12,Demographic Instability
Tamil Nadu,Kanchipuram,-1.9787647700678825,2,0,0,2,0,0,Healthy,0,Biometric Delay
Tamil Nadu,Kanniyakumari,-13.107857185847797,7,1,0,6,0,0,Healthy,0,Biometric Delay
Tamil Nadu,Kanyakumari,-6.478454784856847,1,1,0,9,0,0,Healthy,0,Biometric Delay
Tamil Nadu,Karur,-10.943565702701488,6,1,0,6,0,0,Healthy,0,Biometric Delay
Tamil Nadu,Krishnagiri,-10.153923321164894,4,1,0,5,10,0,Stable,0,Biometric Delay
Tamil Nadu,Madurai,3.437057528006519,9,4,0,6,12,0,Stable,12,Biometric Delay
Tamil Nadu,Mayiladuthurai,-4.025900693249101,0,0,0,9,0,0,Healthy,0,Biometric Delay
Tamil Nadu,Nagapattinam,-10.277433394806978,9,2,0,7,0,0,Healthy,0,Biometric Delay
Tamil Nadu,Namakkal,-9.485942238712562,7,1,0,6,10,0,Stable,0,Biometric Delay
Tamil Nadu,Perambalur,-8.39355411522454,7,2,0,10,0,0,Healthy,0,Biometric Delay
Tamil Nadu,Pudukkottai,-10.636702440506129,9,0,0,6,10,0,Stable,0,Biometric Delay
Tamil Nadu,Ramanathapuram,-12.738917148516363,7,1,0,5,0,0,Healthy,0,Biometric Delay
Tamil Nadu,Ranipet,-6.109244108393089,6,0,0,9,0,0,Healthy,0,Enrolment Failure
Tamil Nadu,Salem,8.968557644472392,8,2,0,7,12,0,Stable,12,Demographic Instability
Tamil Nadu,Sivaganga,-14.704372346492873,8,1,0,5,0,0,Healthy,0,Biometric Delay
Tamil Nadu,Tenkasi,-7.1192031199129255,2,0,0,9,0,0,Healthy,0,Biometric Delay
Tamil Nadu,Thanjavur,-6.527171426085384,10,3,0,6,12,0,Stable,5,Biometric Delay
Tamil Nadu,The Nilgiris,-12.704473501433158,6,1,0,6,0,0,Healthy,0,Biometric Delay
Tamil Nadu,Theni,-6.902813978662828,7,2,0,10,0,0,Healthy,0,Biometric Delay
Tamil Nadu,Thiruvallur,-1.4950133844410693,11,3,0,12,0,0,Healthy,0,Demographic Instability
Tamil Nadu,Thiruvarur,-10.296371368507609,6,0,0,6,0,0,Healthy,0,Biometric Delay
Tamil Nadu,Thoothukkudi,-9.537181258414298,7,1,0,6,10,0,Stable,0,Biometric Delay
Tamil Nadu,Tiruchirappalli,-5.878313703619795,12,2,0,8,12,0,Stable,4,Biometric Delay
Tamil Nadu,Tirunelveli,-2.1384121651208265,7,1,0,6,10,0,Stable,5.999999999999999,Biometric Delay
Tamil Nadu,Tirupathur,-3.235284534967531,1,0,0,4,0,0,Healthy,0,Biometric Delay
Tamil Nadu,Tirupattur,-4.909126151215056,2,0,0,10,0,0,Healthy,0,Biometric Delay
Tamil Nadu,Tiruppur,0.5621312687099063,7,1,0,10,10,0,Stable,3.9999999999999996,Biometric Delay
Tamil Nadu,Tiruvallur,19.18448964631602,7,2,0,7,12,0,Stable,12,Demographic Instability
Tamil Nadu,Tiruvannamalai,-9.14346793558302,4,0,0,5,10,0,Stable,0,Biometric Delay
Tamil Nadu,Tiruvarur,-0.9893823850339413,1,0,0,1,0,0,Healthy,0,Biometric Delay
Tamil Nadu,Tuticorin,-2.968147155101824,3,0,0,3,0,0,Healthy,0,Biometric Delay
Tamil Nadu,Vellore,3.8876104886727205,7,1,0,7,12,0,Stable,10,Biometric Delay
Tamil Nadu,Villupuram,-7.903565507212944,0,0,0,4,9,0,Stable,0,Biometric Delay
Tamil Nadu,Viluppuram,2.6069423817799766,12,3,0,12,0,0,Healthy,0,Demographic Instability
Tamil Nadu,Virudhunagar,-9.028868044329494,5,0,0,5,9,0,Stable,0,Biometric Delay
Tamilnadu,Chennai,-0.3306552017415116,0,0,0,1,0,0,Healthy,1,Biometric Delay
Telangana,Adilabad,-2.208103884299356,4,0,0,5,9,0,Stable,1.0000000000000002,Biometric Delay
Telangana,Bhadradri Kothagudem,-6.806014910259948,3,1,0,9,0,0,Healthy,0,Biometric Delay
Telangana,Hanumakonda,-5.6229778246301025,12,2,0,12,0,0,Healthy,0,Enrolment Failure
Telangana,Hyderabad,30.135732288772854,5,1,0,4,12,0,Stable,12,Demographic Instability
Telangana,Jagitial,-0.8074681818527105,5,1,0,11,0,0,Healthy,0,Enrolment Failure
Telangana,Jangaon,-2.3027415985218607,6,1,0,9,0,0,Healthy,0,Enrolment Failure
Telangana,Jangoan,-2.0969230857259933,9,2,0,12,0,0,Healthy,0,Enrolment Failure
Telangana,Jayashankar Bhupalpally,-2.5606124936545043,9,3,0,12,0,0,Healthy,0,Enrolment Failure
Telangana,Jogulamba Gadwal,-8.400699790025081,4,1,0,9,0,0,Healthy,0,Biometric Delay
Telangana,K.v. Rangareddy,42.4130471966614,8,1,0,8,12,0,Stable,12,Demographic Instability
Telangana,Kamareddy,-8.50697878959058,6,0,0,9,0,0,Healthy,0,Biometric Delay
Telangana,Karimnagar,18.70419477725076,7,3,0,8,12,0,Stable,12,Biometric Delay
Telangana,Khammam,-4.720833631048761,1,0,0,5,10,0,Stable,1.9999999999999998,Biometric Delay
Telangana,Komaram Bheem,-8.550184722259983,6,0,0,9,0,0,Healthy,0,Biometric Delay
Telangana,Mahabubabad,-4.5941343087746045,4,1,0,10,0,0,Healthy,0,Biometric Delay
Telangana,Mahabubnagar,23.79435178264241,7,3,0,8,12,0,Stable,12,Biometric Delay
Telangana,Mancherial,-0.701624387727238,3,0,0,9,0,0,Healthy,0,Enrolment Failure
Telangana,Medak,2.9225336455012823,5,0,0,6,10,0,Stable,5.999999999999999,Biometric Delay
Telangana,Medchal?Malkajgiri,-1.9459021499335902,0,0,0,3,0,0,Healthy,0,Biometric Delay
Telangana,Medchalâˆ’Malkajgiri,-0.6486340499778634,0,0,0,1,0,0,Healthy,0,Biometric Delay
Telangana,Medchal-malkajgiri,7.303970823924213,9,2,0,12,0,0,Healthy,10.999999999999998,Demographic Instability
Telangana,Medchal−Malkajgiri,-2.594536199911454,0,0,0,4,0,0,Healthy,0,Biometric Delay
Telangana,Mulugu,-5.957850310819152,8,3,0,11,0,0,Healthy,0,Enrolment Failure
Telangana,Nagarkurnool,-5.041880285893287,4,1,0,9,0,0,Healthy,0,Biometric Delay
Telangana,Nalgonda,18.23831576347486,6,1,0,8,12,0,Stable,12,Biometric Delay
Telangana,Narayanpet,-7.907390807854689,5,1,0,9,0,0,Healthy,0,Biometric Delay
Telangana,Nirmal,-6.171731707241682,6,0,0,9,0,0,Healthy,0,Enrolment Failure
Telangana,Nizamabad,2.2262920665338988,7,1,0,7,11,0,Stable,7.000000000000001,Biometric Delay
Telangana,Peddapalli,-5.198389666812908,11,2,0,12,0,0,Healthy,0,Enrolment Failure
Telangana,Rajanna Sircilla,-5.3917452384985305,4,0,0,9,0,0,Healthy,0,Biometric Delay
Telangana,Rangareddy,-7.850060090103356,8,2,0,10,0,0,Healthy,0,Enrolment Failure
Telangana,Sangareddy,-6.488036062023598,3,1,0,9,0,0,Healthy,0,Biometric Delay
Telangana,Siddipet,1.367062712686007,6,1,0,11,0,0,Healthy,0,Enrolment Failure
Telangana,Suryapet,-2.402786776093485,10,3,0,12,0,0,Healthy,3,Enrolment Failure
Telangana,Vikarabad,4.306666561111532,6,1,0,11,0,0,Healthy,9.999999999999998,Demographic Instability
Telangana,Wanaparthy,-8.515602635991863,6,0,0,9,0,0,Healthy,0,Biometric Delay
Telangana,Warangal,-4.881390418024712,2,0,0,5,9,0,Stable,0,Biometric Delay
Telangana,Warangal (Urban),-2.6760328700236093,2,1,0,4,0,0,Healthy,0,Biometric Delay
Telangana,Warangal Rural,2.4874394983494548,7,2,0,12,0,0,Healthy,0,Demographic Instability
Telangana,Warangal Urban,-5.581502000969457,5,1,0,10,0,0,Healthy,0,Biometric Delay
Telangana,Yadadri.,1.0078456470586192,8,2,0,12,0,0,Healthy,0,Demographic Instability
Tripura,Dhalai,6.000349101064938,5,1,0,12,12,0,Stable,0,Biometric Delay
Tripura,Dhalai  *,-9.669243300295498,9,1,0,9,0,0,Healthy,0,Enrolment Failure
Tripura,Gomati,-5.519727601564419,0,0,0,9,0,0,Healthy,0,Biometric Delay
Tripura,Khowai,-4.105604287377055,1,0,0,10,0,0,Healthy,0,Biometric Delay
Tripura,North Tripura,8.254983383994507,8,1,0,12,12,0,Stable,0,Biometric Delay
Tripura,Sepahijala,9.245418593116215,3,0,0,12,0,0,Healthy,2,Biometric Delay
Tripura,South Tripura,14.627344508647637,12,2,0,12,12,0,Stable,10.999999999999998,Demographic Instability
Tripura,Unakoti,-1.9948578168857114,3,0,0,10,0,0,Healthy,0,Biometric Delay
Tripura,West Tripura,25.41642623641101,12,2,0,5,12,0,Stable,12,Demographic Instability
Uttar Pradesh,Agra,2.7404852529639783,3,0,0,1,12,0,Stable,10.999999999999998,Biometric Delay
Uttar Pradesh,Aligarh,0.964177876454694,2,0,0,1,11,0,Stable,5.999999999999998,Biometric Delay
Uttar Pradesh,Allahabad,21.319795113679675,3,0,0,10,12,0,Stable,10.999999999999998,Biometric Delay
Uttar Pradesh,Ambedkar Nagar,-6.742610943006175,1,0,0,5,0,0,Healthy,0,Biometric Delay
Uttar Pradesh,Amethi,-5.898835402624062,1,0,0,6,0,0,Healthy,0,Biometric Delay
Uttar Pradesh,Amroha,-10.852036374686497,3,0,0,4,0,0,Healthy,0,Biometric Delay
Uttar Pradesh,Auraiya,-4.108165706972354,1,0,0,10,0,0,Healthy,0,Biometric Delay
Uttar Pradesh,Auraiya *,-0.6486340499778634,0,0,0,1,0,0,Healthy,0,Biometric Delay
Uttar Pradesh,Ayodhya,-7.496314048675937,6,1,0,10,0,0,Healthy,0,Biometric Delay
Uttar Pradesh,Azamgarh,8.081679918527223,4,0,0,7,12,0,Stable,8,Biometric Delay
Uttar Pradesh,Baghpat,1.5860063901624537,3,0,0,12,0,0,Healthy,0,Biometric Delay
Uttar Pradesh,Bagpat,-3.957529540135765,4,1,0,4,0,0,Healthy,0,Biometric Delay
Uttar Pradesh,Bahraich,14.186477842175393,3,0,0,12,12,0,Stable,6.999999999999999,Biometric Delay
Uttar Pradesh,Ballia,-0.07579764908090203,1,0,0,10,10,0,Stable,0,Biometric Delay
Uttar Pradesh,Balrampur,11.862268841282052,3,0,0,12,12,0,Stable,0,Biometric Delay
Uttar Pradesh,Banda,5.207059622791157,2,0,0,11,0,0,Healthy,0,Biometric Delay
Uttar Pradesh,Bara Banki,2.0124742169027514,2,0,0,5,11,0,Stable,1.0000000000000002,Biometric Delay
Uttar Pradesh,Barabanki,1.6818102129046517,12,3,0,12,0,0,Healthy,0,Demographic Instability
Uttar Pradesh,Bareilly,14.24628087584177,3,0,0,3,12,0,Stable,12,Demographic Instability
Uttar Pradesh,Basti,-10.583783540512337,1,0,0,-2,0,0,Healthy,0,Biometric Delay
Uttar Pradesh,Bhadohi,-7.193601139596756,4,2,0,10,0,0,Healthy,0,Biometric Delay
Uttar Pradesh,Bijnor,16.826187809531692,3,0,0,7,12,0,Stable,12,Biometric Delay
Uttar Pradesh,Budaun,12.341864406310547,2,0,0,11,11,0,Stable,9.999999999999998,Biometric Delay
Uttar Pradesh,Bulandshahar,-2.9768422976796285,9,4,0,9,0,0,Healthy,0,Enrolment Failure
Uttar Pradesh,Bulandshahr,-1.1523074206816117,1,0,0,3,10,0,Stable,5.999999999999999,Biometric Delay
Uttar Pradesh,Chandauli,-4.80508638875322,1,0,0,6,0,0,Healthy,0,Biometric Delay
Uttar Pradesh,Chandauli *,-0.9893823850339413,1,0,0,1,0,0,Healthy,0,Biometric Delay
Uttar Pradesh,Chitrakoot,-3.3508649236109105,1,0,0,10,0,0,Healthy,0,Biometric Delay
Uttar Pradesh,Deoria,-3.8462403574687616,2,0,0,5,10,0,Stable,0,Biometric Delay
Uttar Pradesh,Etah,-11.525197585771169,1,0,0,3,0,0,Healthy,0,Biometric Delay
Uttar Pradesh,Etawah,-9.275937911014948,2,0,0,6,0,0,Healthy,0,Biometric Delay
Uttar Pradesh,Faizabad,-0.8163832615292099,1,0,0,10,0,0,Healthy,0,Biometric Delay
Uttar Pradesh,Farrukhabad,0.871144422045123,3,0,0,12,0,0,Healthy,0,Biometric Delay
Uttar Pradesh,Fatehpur,-3.0273291844667707,2,0,0,4,11,0,Stable,0,Biometric Delay
Uttar Pradesh,Firozabad,8.221637288182986,2,0,0,11,0,0,Healthy,4.999999999999999,Biometric Delay
Uttar Pradesh,Gautam Buddha Nagar,9.053801226305392,4,1,0,12,0,0,Healthy,3,Enrolment Failure
Uttar Pradesh,Gautam Buddha Nagar *,-0.9893823850339413,1,0,0,1,0,0,Healthy,0,Biometric Delay
Uttar Pradesh,Ghaziabad,5.838883162640059,5,1,0,-3,12,0,Stable,9,Biometric Delay
Uttar Pradesh,Ghazipur,2.0142463590745945,1,0,0,9,10,0,Stable,1.9999999999999998,Biometric Delay
Uttar Pradesh,Gonda,-8.824033404783426,1,0,0,-14,10,0,Stable,1.9999999999999998,Biometric Delay
Uttar Pradesh,Gorakhpur,1.454712087285406,9,3,0,-2,12,0,Stable,10.999999999999998,Biometric Delay
Uttar Pradesh,Hamirpur,-5.630189563731938,3,0,0,6,0,0,Healthy,0,Biometric Delay
Uttar Pradesh,Hapur,0.2092083604063708,3,0,0,12,0,0,Healthy,0,Biometric Delay
Uttar Pradesh,Hardoi,5.9000411070542675,3,0,0,4,12,0,Stable,6.999999999999999,Biometric Delay
Uttar Pradesh,Hathras,-4.75422202517827,2,0,0,6,0,0,Healthy,0,Biometric Delay
Uttar Pradesh,Jalaun,2.2801351021753566,3,0,0,9,0,0,Healthy,0,Biometric Delay
Uttar Pradesh,Jaunpur,9.62976749598538,3,0,0,6,12,0,Stable,10,Biometric Delay
Uttar Pradesh,Jhansi,-0.803049133337137,3,0,0,7,0,0,Healthy,0,Biometric Delay
Uttar Pradesh,Jyotiba Phule Nagar,-1.9350062779610568,4,0,0,4,0,0,Healthy,0,Enrolment Failure
Uttar Pradesh,Kannauj,-3.383231586111492,2,0,0,11,0,0,Healthy,0,Biometric Delay
Uttar Pradesh,Kanpur Dehat,-13.579818272074998,1,0,0,0,0,0,Healthy,0,Biometric Delay
Uttar Pradesh,Kanpur Nagar,5.371277944639314,7,1,0,3,12,0,Stable,12,Biometric Delay
Uttar Pradesh,Kasganj,2.1331856445422255,2,0,0,11,0,0,Healthy,0,Biometric Delay
Uttar Pradesh,Kaushambi,-3.0727409048243355,1,0,0,10,0,0,Healthy,0,Biometric Delay
Uttar Pradesh,Kheri,8.752126711412997,3,0,0,4,12,0,Stable,12,Biometric Delay
Uttar Pradesh,Kushinagar,3.3743532673100805,4,0,0,11,11,0,Stable,4.000000000000001,Biometric Delay
Uttar Pradesh,Kushinagar *,-4.893493882126768,3,1,0,6,0,0,Healthy,0,Biometric Delay
Uttar Pradesh,Lalitpur,1.892214906048956,1,0,0,10,0,0,Healthy,0,Biometric Delay
Uttar Pradesh,Lucknow,17.93541423068648,3,0,0,5,12,0,Stable,12,Demographic Instability
Uttar Pradesh,Maharajganj,-0.5921600576364017,2,0,0,10,10,0,Stable,0,Biometric Delay
Uttar Pradesh,Mahoba,-2.18589036251161,3,0,0,12,0,0,Healthy,0,Biometric Delay
Uttar Pradesh,Mahoba *,-0.9893823850339413,1,0,0,1,0,0,Healthy,0,Biometric Delay
Uttar Pradesh,Mahrajganj,-3.876032870023609,2,1,0,4,0,0,Healthy,0,Biometric Delay
Uttar Pradesh,Mainpuri,-2.6470379925383227,2,0,0,7,0,0,Healthy,0,Biometric Delay
Uttar Pradesh,Mathura,-6.674746160146255,1,0,0,6,0,0,Healthy,0,Biometric Delay
Uttar Pradesh,Mau,-5.689928978088927,5,2,0,10,0,0,Healthy,0,Biometric Delay
Uttar Pradesh,Meerut,3.750050756940095,3,0,0,5,12,0,Stable,9,Biometric Delay
Uttar Pradesh,Mirzapur,-5.8935782841273,1,0,0,6,0,0,Healthy,0,Biometric Delay
Uttar Pradesh,Moradabad,14.485298027374556,3,0,0,12,12,0,Stable,4,Biometric Delay
Uttar Pradesh,Muzaffarnagar,5.167713730042252,3,0,0,6,12,0,Stable,6,Biometric Delay
Uttar Pradesh,Pilibhit,9.632237030784465,3,0,0,12,12,0,Stable,1,Biometric Delay
Uttar Pradesh,Pratapgarh,-7.424278265487213,3,1,0,6,10,0,Stable,0,Biometric Delay
Uttar Pradesh,Prayagraj,-3.357282482611067,5,1,0,11,0,0,Healthy,0,Enrolment Failure
Uttar Pradesh,Rae Bareli,-2.038510690827015,2,0,0,7,11,0,Stable,0,Biometric Delay
Uttar Pradesh,Raebareli,-3.316781205079687,3,1,0,4,0,0,Healthy,0,Biometric Delay
Uttar Pradesh,Rampur,13.787558568692715,3,0,0,12,12,0,Stable,1,Biometric Delay
Uttar Pradesh,Saharanpur,3.0579044588861404,3,0,0,4,12,0,Stable,4,Biometric Delay
Uttar Pradesh,Sambhal,8.21351979538498,3,0,0,12,12,0,Stable,1,Biometric Delay
Uttar Pradesh,Sant Kabir Nagar,-2.7749408822947417,3,0,0,11,0,0,Healthy,0,Biometric Delay
Uttar Pradesh,Sant Ravidas Nagar,-3.2034548403436873,1,0,0,10,0,0,Healthy,0,Biometric Delay
Uttar Pradesh,Sant Ravidas Nagar Bhadohi,-4.972341080208701,5,2,0,6,0,0,Healthy,0,Enrolment Failure
Uttar Pradesh,Shahjahanpur,-2.469524087499239,2,0,0,3,11,0,Stable,4.000000000000001,Biometric Delay
Uttar Pradesh,Shamli,8.614593718737769,4,1,0,12,12,0,Stable,0,Biometric Delay
Uttar Pradesh,Shrawasti,4.99958002998135,3,0,0,12,0,0,Healthy,0,Enrolment Failure
Uttar Pradesh,Siddharthnagar,2.075207534768829,3,0,0,11,11,0,Stable,1.0000000000000002,Biometric Delay
Uttar Pradesh,Sitapur,7.388379199017586,3,0,0,3,12,0,Stable,12,Biometric Delay
Uttar Pradesh,Sonbhadra,3.6529962165912395,2,0,0,11,11,0,Stable,0,Biometric Delay
Uttar Pradesh,Sultanpur,-4.616653461127038,1,0,0,7,0,0,Healthy,0,Biometric Delay
Uttar Pradesh,Unnao,12.148997921164929,3,0,0,12,12,0,Stable,5,Biometric Delay
Uttar Pradesh,Varanasi,8.037623178065894,4,1,0,0,12,0,Stable,10,Biometric Delay
Uttarakhand,Almora,-13.328008487084723,5,0,0,4,0,0,Healthy,0,Biometric Delay
Uttarakhand,Bageshwar,-8.062148229411628,8,0,0,9,0,0,Healthy,0,Enrolment Failure
Uttarakhand,Chamoli,-5.007882715859481,8,3,0,12,0,0,Healthy,0,Biometric Delay
Uttarakhand,Champawat,-4.866646471209975,7,0,0,10,0,0,Healthy,0,Enrolment Failure
Uttarakhand,Dehradun,18.08225417659432,8,1,0,3,12,0,Stable,12,Demographic Instability
Uttarakhand,Garhwal,-2.9930421451159224,6,1,0,6,0,0,Healthy,0,Enrolment Failure
Uttarakhand,Hardwar,-2.1742886603596707,6,2,0,6,0,0,Healthy,0,Enrolment Failure
Uttarakhand,Haridwar,24.93456793486271,6,0,0,6,12,0,Stable,12,Demographic Instability
Uttarakhand,Nainital,1.5359067034600358,6,0,0,10,10,0,Stable,1.9999999999999998,Biometric Delay
Uttarakhand,Pauri Garhwal,-2.490763738955688,6,0,0,6,10,0,Stable,0,Biometric Delay
Uttarakhand,Pithoragarh,-9.849172986917669,7,2,0,7,0,0,Healthy,0,Biometric Delay
Uttarakhand,Rudraprayag,-4.172842428032271,9,1,0,11,0,0,Healthy,0,Enrolment Failure
Uttarakhand,Tehri Garhwal,-4.14778505469458,8,0,0,7,11,0,Stable,0,Biometric Delay
Uttarakhand,Udham Singh Nagar,32.66698638464201,7,0,0,8,12,0,Stable,12,Demographic Instability
Uttarakhand,Uttarkashi,-9.047774755809675,6,1,0,10,0,0,Healthy,0,Biometric Delay
Uttaranchal,Almora,-0.6714035367975895,1,0,0,1,0,0,Healthy,1,Biometric Delay
Uttaranchal,Garhwal,-0.6714035367975895,1,0,0,1,0,0,Healthy,1,Biometric Delay
West  Bengal,Hooghly,-2.685614147190358,4,1,0,4,0,0,Healthy,4,Biometric Delay
West Bangal,Hooghly,-5.206688214318794,5,3,0,2,6,0,Stable,6,Biometric Delay
West Bangal,Howrah,-6.385392865390675,3,1,0,2,0,0,Healthy,4,Biometric Delay
West Bangal,South 24 Parganas,-0.9893823850339413,1,0,0,1,0,0,Healthy,1,Biometric Delay
West Bengal,Alipurduar,-6.289844509787948,7,2,0,10,0,0,Healthy,0,Enrolment Failure
West Bengal,Bally Jagachha,-3.957529540135765,4,1,0,4,0,0,Healthy,0,Biometric Delay
West Bengal,Bankura,15.083736051515258,8,1,0,8,12,0,Stable,3,Demographic Instability
West Bengal,Barddhaman,23.544568530730754,12,2,0,8,12,0,Stable,9,Demographic Instability
West Bengal,Bardhaman,21.867804917491313,12,4,0,12,0,0,Healthy,0,Demographic Instability
West Bengal,Birbhum,4.117666234406545,12,2,0,5,12,0,Stable,1,Demographic Instability
West Bengal,Burdwan,-1.9787647700678825,2,0,0,2,0,0,Healthy,0,Biometric Delay
West Bengal,Cooch Behar,-5.872297442804154,10,3,0,2,0,0,Healthy,0,Demographic Instability
West Bengal,Dakshin Dinajpur,6.296875573034588,9,0,0,12,0,0,Healthy,0,Demographic Instability
West Bengal,Darjeeling,-3.1140997299564375,12,2,0,4,0,0,Healthy,0,Demographic Instability
West Bengal,Darjiling,21.217383432811197,12,4,0,12,0,0,Healthy,0,Demographic Instability
West Bengal,Domjur,-2.968147155101824,3,0,0,3,0,0,Healthy,0,Biometric Delay
West Bengal,East Midnapore,13.02316251640132,16,6,0,17,0,0,Healthy,0,Demographic Instability
West Bengal,East Midnapur,-3.957529540135765,4,1,0,4,0,0,Healthy,0,Biometric Delay
West Bengal,Haora,28.28059182793159,12,1,0,12,0,0,Healthy,0,Demographic Instability
West Bengal,Hawrah,-3.957529540135765,4,1,0,4,0,0,Healthy,0,Biometric Delay
West Bengal,Hooghiy,-3.316781205079687,3,1,0,4,0,0,Healthy,0,Biometric Delay
West Bengal,Hooghly,37.380220777184384,26,8,0,7,28,0,Stable,22,Demographic Instability
West Bengal,Howrah,5.84811394751672,16,6,0,8,20,0,Stable,0,Biometric Delay
West Bengal,Hugli,-2.3375031352190243,5,1,0,5,0,0,Healthy,0,Enrolment Failure
West Bengal,Jalpaiguri,20.6104692589114,12,1,0,4,12,0,Stable,10,Demographic Instability
West Bengal,Jhargram,-4.420804151555008,6,1,0,10,0,0,Healthy,0,Enrolment Failure
West Bengal,Kalimpong,19.775580363295347,3,0,0,11,0,0,Healthy,0,Enrolment Failure
West Bengal,Koch Bihar,32.02426467281448,12,3,0,12,0,0,Healthy,0,Demographic Instability
West Bengal,Kolkata,8.93284253156748,13,5,0,5,14,0,Stable,0,Demographic Instability
West Bengal,Malda,12.251241528606268,16,8,0,7,16,0,Stable,8,Demographic Instability
West Bengal,Maldah,4.3043978600012585,12,3,0,12,0,0,Healthy,0,Demographic Instability
West Bengal,Medinipur,-5.157529540135766,4,0,0,4,0,0,Healthy,0,Enrolment Failure
West Bengal,Murshidabad,32.32508744445843,12,1,0,8,12,0,Stable,12,Demographic Instability
West Bengal,Nadia,20.221258913521503,19,8,0,4,19,0,Stable,13,Demographic Instability
West Bengal,North 24 Parganas,27.12218810117913,10,0,0,5,12,0,Stable,12,Demographic Instability
West Bengal,North Dinajpur,17.603119719549962,12,5,0,12,0,0,Healthy,0,Demographic Instability
West Bengal,North Twenty Four Parganas,12.10671255277105,12,3,0,12,0,0,Healthy,0,Demographic Instability
West Bengal,Paschim Bardhaman,-2.608609229630846,11,4,0,12,0,0,Healthy,0,Enrolment Failure
West Bengal,Paschim Medinipur,48.325249357300116,9,2,8.149141536948601,12,12,0,Stable,10.999999999999998,Demographic Instability
West Bengal,Purba Bardhaman,-3.8077689762578903,11,5,0,12,0,0,Healthy,0,Enrolment Failure
West Bengal,Purba Medinipur,2.3590580350284425,9,2,0,6,12,0,Stable,0,Biometric Delay
West Bengal,Purulia,-0.8578593366929272,12,4,0,12,0,0,Healthy,0,Demographic Instability
West Bengal,Puruliya,8.381940117075825,12,1,0,8,12,0,Stable,3,Demographic Instability
West Bengal,South 24 Pargana,-1.9380164350118045,1,1,0,2,0,0,Healthy,0,Biometric Delay
West Bengal,South 24 Parganas,60.1516029255414,13,7,0,16,16,0,Stable,16,Demographic Instability
West Bengal,South Dinajpur,12.862297750085014,12,4,0,12,0,0,Healthy,0,Demographic Instability
West Bengal,South Dumdum(M),-2.968147155101824,3,0,0,3,0,0,Healthy,0,Biometric Delay
West Bengal,South Twenty Four Parganas,11.187902884912297,12,2,0,12,0,0,Healthy,0,Demographic Instability
West Bengal,Uttar Dinajpur,6.667030960246532,12,3,0,0,12,0,Stable,8,Demographic Instability
West Bengal,West Medinipur,-2.3273988200457456,2,1,0,3,0,0,Healthy,0,Biometric Delay
West Bengal,West Midnapore,14.546782925501455,12,3,0,12,0,0,Healthy,0,Demographic Instability
Westbengal,Hooghly,1.0528116538147794,6,3,0,8,8,0,Stable,8,Biometric Delay
Westbengal,Howrah,-2.968147155101824,3,0,0,3,0,0,Healthy,3,Biometric Delay
