state,district,ALHS,Lifecycle Risk Level,Primary Failure Domain,Intervention Priority,District Rank
Jammu and Kashmir,?,-0.9893823850339413,Stable,Enrolment Failure,Routine,24
Andhra Pradesh,Adilabad,-0.5432866400635316,Stable,Enrolment Failure,Routine,23
Telangana,Adilabad,-0.24534487603326183,Stable,Biometric Delay,Immediate,18
Madhya Pradesh,Agar Malwa,-0.5378636513323667,Stable,Enrolment Failure,Routine,34
Uttar Pradesh,Agra,0.22837377108033152,Stable,Biometric Delay,Immediate,31
Maharashtra,Ahilyanagar,-0.20128278445487757,Stable,Enrolment Failure,Routine,40
Gujarat,Ahmadabad,0.40024303397348493,Stable,Enrolment Failure,Routine,5
Maharashtra,Ahmadnagar,2.2132186702112935,Critical,Demographic Instability,Immediate,4
Maharashtra,Ahmed Nagar,0.7869448842646289,Stressed,Demographic Instability,Monitor,15
Gujarat,Ahmedabad,2.519033111532766,Critical,Demographic Instability,Immediate,2
Mizoram,Aizawl,2.9049904149577515,Critical,Demographic Instability,Immediate,1
Rajasthan,Ajmer,0.3987353217777021,Stable,Demographic Instability,Immediate,4
Haryana,Akhera,-0.9893823850339413,Stable,Enrolment Failure,Routine,18
Maharashtra,Akola,0.43759278534535834,Stable,Demographic Instability,Routine,23
Kerala,Alappuzha,-0.3183684854542569,Stable,Demographic Instability,Routine,10
Uttar Pradesh,Aligarh,0.087652534223154,Stable,Biometric Delay,Immediate,41
West Bengal,Alipurduar,-0.6289844509787949,Stable,Enrolment Failure,Routine,37
Madhya Pradesh,Alirajpur,-0.245323064546942,Stable,Enrolment Failure,Routine,22
Uttar Pradesh,Allahabad,1.7766495928066397,Critical,Biometric Delay,Immediate,1
Andhra Pradesh,Alluri Sitharama Raju,-0.9083664204385139,Stable,Enrolment Failure,Routine,39
Uttarakhand,Almora,-1.3328008487084722,Healthy,Biometric Delay,Routine,16
Uttaranchal,Almora,-0.6714035367975895,Stable,Enrolment Failure,Routine,1
Rajasthan,Alwar,1.5340003759540548,Critical,Demographic Instability,Immediate,2
Haryana,Ambala,-0.6073513061638202,Stable,Enrolment Failure,Routine,11
Uttar Pradesh,Ambedkar Nagar,-0.6742610943006175,Stable,Biometric Delay,Routine,73
Uttar Pradesh,Amethi,-0.5898835402624063,Stable,Biometric Delay,Routine,70
Maharashtra,Amravati,0.14754589080149577,Stable,Biometric Delay,Immediate,33
Gujarat,Amreli,-0.029089272418056117,Stable,Demographic Instability,Routine,7
Punjab,Amritsar,1.346540929615269,Stressed,Demographic Instability,Immediate,2
Uttar Pradesh,Amroha,-0.904336364557208,Stable,Biometric Delay,Routine,82
Andhra Pradesh,Anakapalli,-0.5728665184922728,Stable,Enrolment Failure,Routine,25
Gujarat,Anand,-0.4044907170116684,Stable,Biometric Delay,Immediate,17
Andhra Pradesh,Anantapur,-0.7496044868163559,Stable,Biometric Delay,Immediate,31
Andhra Pradesh,Ananthapur,-0.030655201741511595,Stable,Biometric Delay,Immediate,15
Andhra Pradesh,Ananthapuramu,0.07533774767060553,Stable,Biometric Delay,Immediate,13
Jammu & Kashmir,Anantnag,-0.6486340499778634,Stable,Enrolment Failure,Routine,5
Jammu and Kashmir,Anantnag,0.7847583051754059,Stressed,Demographic Instability,Immediate,4
Andaman & Nicobar Islands,Andamans,0.6810266487193953,Stressed,Enrolment Failure,Immediate,1
Odisha,Angul,0.3396418933286649,Stable,Biometric Delay,Immediate,10
Orissa,Angul,-0.6486340499778634,Stable,Enrolment Failure,Routine,14
Arunachal Pradesh,Anjaw,-0.5591155489628213,Stable,Enrolment Failure,Routine,17
Andhra Pradesh,Annamayya,-0.6352831684482295,Stable,Enrolment Failure,Routine,29
Odisha,Anugal,-0.9893823850339413,Stable,Enrolment Failure,Routine,36
Odisha,Anugul,-0.1282154707266236,Stable,Enrolment Failure,Routine,21
Orissa,Anugul,-1.2893823850339414,Healthy,Enrolment Failure,Routine,24
Orissa,Anugul  *,-0.9893823850339413,Stable,Enrolment Failure,Routine,20
Madhya Pradesh,Anuppur,-0.6511404988710943,Stable,Enrolment Failure,Routine,39
Bihar,Araria,0.9876580997200933,Stressed,Demographic Instability,Immediate,7
Tamil Nadu,Ariyalur,-0.7302397395608384,Stable,Enrolment Failure,Routine,22
Gujarat,Arvalli,-0.7198283094285387,Stable,Enrolment Failure,Routine,30
Bihar,Arwal,-0.23632520682471503,Stable,Enrolment Failure,Routine,37
Madhya Pradesh,Ashok Nagar,-0.6507632226815853,Stable,Enrolment Failure,Routine,38
Uttar Pradesh,Auraiya,-0.4108165706972355,Stable,Biometric Delay,Routine,62
Uttar Pradesh,Auraiya *,-0.6486340499778634,Stable,Enrolment Failure,Routine,71
Bihar,Aurangabad,-0.17295211356864681,Stable,Demographic Instability,Routine,33
Maharashtra,Aurangabad,-0.8129633724266832,Stable,Demographic Instability,Immediate,49
Bihar,Aurangabad(bh),-0.6001315086445373,Stable,Enrolment Failure,Routine,40
Uttar Pradesh,Ayodhya,-0.7496314048675937,Stable,Enrolment Failure,Routine,76
Uttar Pradesh,Azamgarh,0.6734733265439352,Stressed,Biometric Delay,Immediate,18
Jammu & Kashmir,Badgam,-0.9698066572697981,Stable,Enrolment Failure,Routine,9
Jammu and Kashmir,Badgam,-0.016773046563793026,Stable,Enrolment Failure,Routine,9
Karnataka,Bagalkot,-0.052082655892554064,Stable,Biometric Delay,Immediate,18
Karnataka,Bagalkot *,-0.7980774660466495,Stable,Enrolment Failure,Routine,44
Uttarakhand,Bageshwar,-0.8957942477124032,Stable,Enrolment Failure,Routine,13
Uttar Pradesh,Baghpat,0.13216719918020448,Stable,Enrolment Failure,Routine,39
Uttar Pradesh,Bagpat,-0.9893823850339413,Stable,Enrolment Failure,Routine,84
Uttar Pradesh,Bahraich,1.1822064868479494,Stressed,Biometric Delay,Immediate,6
Assam,Bajali,-0.04198052597640309,Stable,Enrolment Failure,Routine,30
Assam,Baksa,0.5417240217769191,Stressed,Enrolment Failure,Monitor,17
Madhya Pradesh,Balaghat,-0.742597238935602,Stable,Biometric Delay,Immediate,41
Odisha,Balangir,-0.07400220642995647,Stable,Biometric Delay,Immediate,17
Orissa,Balangir,4.015510190781573,Critical,Demographic Instability,Immediate,1
Odisha,Baleshwar,-0.09233923906869851,Stable,Enrolment Failure,Routine,18
Orissa,Baleshwar,0.8289187931667423,Stressed,Demographic Instability,Immediate,7
Odisha,Baleswar,0.045232041998147676,Stable,Biometric Delay,Immediate,14
Orissa,Baleswar,-0.9690082175059023,Stable,Enrolment Failure,Routine,18
Karnataka,Ballari,-0.3306552017415116,Stable,Biometric Delay,Routine,28
Uttar Pradesh,Ballia,-0.007579764908090203,Stable,Biometric Delay,Immediate,44
West Bengal,Bally Jagachha,-0.9893823850339413,Stable,Enrolment Failure,Routine,41
Chhattisgarh,Balod,0.25796460006458954,Stable,Enrolment Failure,Immediate,17
Chhattisgarh,Baloda Bazar,1.6051413719294032,Critical,Demographic Instability,Immediate,3
Rajasthan,Balotra,-0.03131101332674466,Stable,Enrolment Failure,Routine,14
Chhattisgarh,Balrampur,0.4636100980429311,Stable,Demographic Instability,Routine,14
Uttar Pradesh,Balrampur,0.988522403440171,Stressed,Biometric Delay,Immediate,10
Gujarat,Banas Kantha,-0.9920866625788877,Stable,Enrolment Failure,Routine,33
Gujarat,Banaskantha,-0.5793219690730835,Stable,Biometric Delay,Immediate,24
Uttar Pradesh,Banda,0.47336905661737794,Stable,Biometric Delay,Routine,23
Jammu and Kashmir,Bandipore,-0.5437056869176071,Stable,Biometric Delay,Routine,18
Jammu & Kashmir,Bandipur,-0.9893823850339413,Stable,Enrolment Failure,Routine,10
Karnataka,Bangalore,2.5776396351491027,Critical,Demographic Instability,Immediate,2
Karnataka,Bangalore Rural,-0.016385594391811115,Stable,Enrolment Failure,Routine,16
Bihar,Banka,-0.2030504679748158,Stable,Demographic Instability,Routine,34
West Bengal,Bankura,1.2569780042929384,Stressed,Demographic Instability,Immediate,14
Rajasthan,Banswara,0.2987439325875541,Stable,Demographic Instability,Routine,7
Andhra Pradesh,Bapatla,-0.5776332535485944,Stable,Enrolment Failure,Routine,26
Uttar Pradesh,Bara Banki,0.18295220153661373,Stable,Biometric Delay,Immediate,37
Uttar Pradesh,Barabanki,0.1401508510753876,Stable,Demographic Instability,Routine,38
Jammu & Kashmir,Baramula,0.10547744265791498,Stable,Biometric Delay,Immediate,2
Jammu and Kashmir,Baramula,1.2207891219983602,Stressed,Demographic Instability,Immediate,3
Rajasthan,Baran,-0.32001078555709195,Stable,Biometric Delay,Immediate,26
West Bengal,Barddhaman,1.9620473775608955,Critical,Demographic Instability,Immediate,7
Goa,Bardez,-0.9893823850339413,Stable,Enrolment Failure,Routine,3
West Bengal,Bardhaman,1.8223170764576095,Critical,Demographic Instability,Monitor,8
Uttar Pradesh,Bareilly,1.1871900729868141,Stressed,Demographic Instability,Immediate,5
Odisha,Bargarh,-0.09289159073908759,Stable,Biometric Delay,Immediate,19
Orissa,Bargarh,-0.2857007025012027,Stable,Enrolment Failure,Routine,11
Rajasthan,Barmer,-0.3793622291002182,Stable,Biometric Delay,Immediate,27
Punjab,Barnala,0.30679427140577664,Stable,Enrolment Failure,Routine,15
Assam,Barpeta,2.6780292265769994,Critical,Demographic Instability,Immediate,1
Madhya Pradesh,Barwani,0.2168677111010986,Stable,Biometric Delay,Immediate,17
Chhattisgarh,Bastar,0.576445339173973,Stressed,Enrolment Failure,Immediate,13
Uttar Pradesh,Basti,-1.0583783540512337,Healthy,Biometric Delay,Routine,85
Punjab,Bathinda,0.5852981151496324,Stressed,Demographic Instability,Immediate,9
Odisha,Baudh,-0.4882358183571842,Stable,Enrolment Failure,Routine,30
Orissa,Baudh,-0.9893823850339413,Stable,Enrolment Failure,Routine,20
Rajasthan,Beawar,-0.5276633529606345,Stable,Enrolment Failure,Routine,31
Maharashtra,Beed,1.0442812328010376,Stressed,Demographic Instability,Immediate,11
Bihar,Begusarai,0.15447901271315748,Stable,Biometric Delay,Immediate,24
Karnataka,Belagavi,0.4392303924420645,Stable,Biometric Delay,Immediate,6
Karnataka,Belgaum,2.2228103850738523,Critical,Demographic Instability,Immediate,3
Karnataka,Bellary,-0.7670939200179963,Stable,Biometric Delay,Immediate,43
Chhattisgarh,Bemetara,0.6233370407052545,Stressed,Enrolment Failure,Immediate,12
Karnataka,Bengaluru,3.6305985378426446,Critical,Demographic Instability,Immediate,1
Karnataka,Bengaluru Rural,-0.8291953012699218,Stable,Enrolment Failure,Routine,46
Karnataka,Bengaluru South,0.15288358985998043,Stable,Enrolment Failure,Routine,9
Madhya Pradesh,Betul,-1.1605220992669625,Healthy,Biometric Delay,Immediate,52
Bihar,Bhabua,-0.9893823850339413,Stable,Enrolment Failure,Routine,45
Uttar Pradesh,Bhadohi,-0.7193601139596757,Stable,Enrolment Failure,Routine,74
Telangana,Bhadradri Kothagudem,-0.7562238789177721,Stable,Enrolment Failure,Routine,33
Odisha,Bhadrak,0.6516037119306486,Stressed,Biometric Delay,Immediate,6
Orissa,Bhadrak,2.3910433954278623,Critical,Demographic Instability,Immediate,4
Bihar,Bhagalpur,0.2108028776761472,Stable,Biometric Delay,Immediate,22
Maharashtra,Bhandara,0.30731130160326325,Stable,Enrolment Failure,Routine,27
Rajasthan,Bharatpur,0.025886608604827444,Stable,Biometric Delay,Immediate,12
Gujarat,Bharuch,-0.9989474366348585,Stable,Biometric Delay,Routine,34
Gujarat,Bhavnagar,-0.1878899456941428,Stable,Biometric Delay,Immediate,11
Rajasthan,Bhilwara,0.1926191994061972,Stable,Demographic Instability,Immediate,8
Madhya Pradesh,Bhind,-1.0836101128130358,Healthy,Biometric Delay,Routine,49
Haryana,Bhiwani,-0.9112138257141691,Stable,Biometric Delay,Immediate,17
Bihar,Bhojpur,0.28193103292556765,Stable,Demographic Instability,Routine,21
Madhya Pradesh,Bhopal,0.6328437188951461,Stressed,Demographic Instability,Immediate,5
Maharashtra,Bid,2.2167510277542704,Critical,Demographic Instability,Monitor,3
Karnataka,Bidar,0.3499927486418164,Stable,Biometric Delay,Immediate,7
Chhattisgarh,Bijapur,-0.5756769855159202,Stable,Enrolment Failure,Routine,28
Karnataka,Bijapur,-0.38826775692829707,Stable,Enrolment Failure,Immediate,31
Karnataka,Bijapur(Kar),-0.9893823850339413,Stable,Enrolment Failure,Routine,48
Uttar Pradesh,Bijnor,1.402182317460974,Stressed,Biometric Delay,Immediate,3
Rajasthan,Bikaner,-1.69935512972966,Healthy,Biometric Delay,Immediate,46
Chhattisgarh,Bilaspur,2.07281425146099,Critical,Demographic Instability,Immediate,1
Himachal Pradesh,Bilaspur,-1.19233816690428,Healthy,Biometric Delay,Routine,13
West Bengal,Birbhum,0.3431388528672121,Stable,Demographic Instability,Immediate,27
Manipur,Bishnupur,0.4621548595003981,Stable,Biometric Delay,Immediate,4
Assam,Biswanath,0.055387261693103276,Stable,Enrolment Failure,Routine,29
Jharkhand,Bokaro,0.7690994830377176,Stressed,Biometric Delay,Immediate,7
Jharkhand,Bokaro *,-0.7757996066819153,Stable,Enrolment Failure,Routine,33
Assam,Bongaigaon,1.17349663250604,Stressed,Biometric Delay,Immediate,6
Gujarat,Botad,-0.5471234632575025,Stable,Enrolment Failure,Routine,23
Odisha,Boudh,-0.8699616476252865,Stable,Enrolment Failure,Routine,35
Uttar Pradesh,Budaun,1.1219876733009588,Stressed,Biometric Delay,Immediate,8
Jammu and Kashmir,Budgam,-0.31003538380452833,Stable,Biometric Delay,Routine,14
Uttar Pradesh,Bulandshahar,-0.3307602552977365,Stable,Enrolment Failure,Routine,59
Uttar Pradesh,Bulandshahr,-0.1152307420681612,Stable,Biometric Delay,Immediate,48
Maharashtra,Buldana,1.7816595137522973,Critical,Demographic Instability,Monitor,9
Maharashtra,Buldhana,0.5908730536815031,Stressed,Demographic Instability,Immediate,20
Rajasthan,Bundi,-1.064644577011531,Healthy,Biometric Delay,Routine,40
West Bengal,Burdwan,-0.9893823850339413,Stable,Enrolment Failure,Routine,41
Madhya Pradesh,Burhanpur,-0.8643460010336113,Stable,Enrolment Failure,Routine,44
Bihar,Buxar,-0.24171789590967935,Stable,Enrolment Failure,Routine,38
Assam,Cachar,1.2567475592924504,Stressed,Demographic Instability,Immediate,5
Delhi,Central Delhi,-0.22795407352823507,Stable,Enrolment Failure,Routine,8
Karnataka,Chamarajanagar,-0.4570795324977641,Stable,Enrolment Failure,Routine,33
Karnataka,Chamarajanagar *,-1.2893823850339414,Healthy,Enrolment Failure,Routine,52
Himachal Pradesh,Chamba,0.8858940476449619,Stressed,Biometric Delay,Immediate,2
Uttarakhand,Chamoli,-0.4173235596549568,Stable,Enrolment Failure,Routine,9
Uttarakhand,Champawat,-0.48666464712099755,Stable,Enrolment Failure,Routine,10
Mizoram,Champhai,0.8928822937948016,Stressed,Biometric Delay,Immediate,3
Karnataka,Chamrajanagar,-0.34814750887938994,Stable,Enrolment Failure,Routine,29
Karnataka,Chamrajnagar,-0.2770835282190082,Stable,Enrolment Failure,Routine,27
Uttar Pradesh,Chandauli,-0.48050863887532214,Stable,Biometric Delay,Routine,66
Uttar Pradesh,Chandauli *,-0.9893823850339413,Stable,Enrolment Failure,Routine,84
Manipur,Chandel,-0.4638902302523529,Stable,Enrolment Failure,Routine,8
Chandigarh,Chandigarh,0.32728728403180896,Stable,Biometric Delay,Immediate,1
Maharashtra,Chandrapur,0.6664871162323178,Stressed,Demographic Instability,Immediate,17
Arunachal Pradesh,Changlang,3.1948932735054862,Critical,Demographic Instability,Immediate,1
Assam,Charaideo,0.41247440771537314,Stable,Enrolment Failure,Routine,21
Haryana,Charkhi Dadri,-1.175992535538939,Healthy,Enrolment Failure,Routine,19
Jharkhand,Chatra,0.26068642464467245,Stable,Enrolment Failure,Immediate,19
Maharashtra,Chatrapati Sambhaji Nagar,-0.7024339172482852,Stable,Enrolment Failure,Routine,48
Tamil Nadu,Chengalpattu,-0.3755343058140507,Stable,Enrolment Failure,Routine,14
Tamil Nadu,Chennai,1.3562166722402837,Stressed,Demographic Instability,Immediate,3
Tamilnadu,Chennai,-0.3306552017415116,Stable,Biometric Delay,Routine,1
Madhya Pradesh,Chhatarpur,0.3760367514513356,Stable,Biometric Delay,Immediate,13
Maharashtra,Chhatrapati Sambhajinagar,-0.4610032617899626,Stable,Enrolment Failure,Routine,46
Madhya Pradesh,Chhindwara,-0.6190824782793678,Stable,Biometric Delay,Immediate,37
Gujarat,Chhotaudepur,-0.6844973262911663,Stable,Enrolment Failure,Routine,29
Karnataka,Chickmagalur,-0.23882500609571142,Stable,Enrolment Failure,Routine,24
Karnataka,Chikkaballapur,-0.5464899591008623,Stable,Biometric Delay,Routine,34
Karnataka,Chikkamagaluru,-0.7198283094285387,Stable,Enrolment Failure,Routine,41
Karnataka,Chikmagalur,-0.8258504761754065,Stable,Enrolment Failure,Routine,45
Assam,Chirang,0.6058045284795696,Stressed,Biometric Delay,Immediate,15
Karnataka,Chitradurga,-0.41101486834627576,Stable,Biometric Delay,Immediate,32
Uttar Pradesh,Chitrakoot,-0.33508649236109106,Stable,Biometric Delay,Routine,60
Rajasthan,Chittaurgarh,0.07971729603625033,Stable,Enrolment Failure,Routine,10
Andhra Pradesh,Chittoor,1.7854818145525673,Critical,Demographic Instability,Immediate,8
Rajasthan,Chittorgarh,-1.059013508498788,Healthy,Biometric Delay,Routine,39
Nagaland,Chumukedima,-0.4499559198238467,Stable,Enrolment Failure,Routine,11
Manipur,Churachandpur,0.2739172944291585,Stable,Biometric Delay,Immediate,5
Rajasthan,Churu,-1.2355035746527743,Healthy,Biometric Delay,Immediate,43
Tamil Nadu,Coimbatore,1.3454279882839466,Stressed,Demographic Instability,Immediate,4
West Bengal,Cooch Behar,-0.4893581202336796,Stable,Demographic Instability,Routine,36
Pondicherry,Cuddalore,-0.9893823850339413,Stable,Enrolment Failure,Routine,4
Tamil Nadu,Cuddalore,0.038136781193747304,Stable,Biometric Delay,Immediate,10
Andhra Pradesh,Cuddapah,0.8490804671534079,Stressed,Biometric Delay,Immediate,10
Odisha,Cuttack,0.43751914096100547,Stable,Biometric Delay,Immediate,9
Orissa,Cuttack,1.7811482478950658,Critical,Demographic Instability,Immediate,5
Dadra & Nagar Haveli,Dadra & Nagar Haveli,-0.7668052657196891,Stable,Enrolment Failure,Routine,1
Dadra And Nagar Haveli,Dadra and Nagar Haveli,-0.9002092773469141,Stable,Enrolment Failure,Routine,1
Dadra and Nagar Haveli and Daman and Diu,Dadra and Nagar Haveli,0.2814459452904737,Stable,Demographic Instability,Immediate,1
Gujarat,Dahod,-0.09745633342194743,Stable,Biometric Delay,Immediate,9
Chhattisgarh,Dakshin Bastar Dantewada,-1.2187204187591965,Healthy,Enrolment Failure,Routine,36
West Bengal,Dakshin Dinajpur,0.5247396310862158,Stressed,Enrolment Failure,Monitor,25
Karnataka,Dakshina Kannada,1.1316507736819539,Stressed,Demographic Instability,Immediate,4
Dadra and Nagar Haveli and Daman and Diu,Daman,0.002103343583607753,Stable,Enrolment Failure,Routine,2
Daman & Diu,Daman,-0.09457340852363558,Stable,Enrolment Failure,Immediate,1
Daman and Diu,Daman,0.3556013537420393,Stable,Biometric Delay,Immediate,1
Madhya Pradesh,Damoh,0.23166616627667697,Stable,Biometric Delay,Immediate,16
Chhattisgarh,Dantewada,-1.254051401896569,Healthy,Enrolment Failure,Routine,37
Bihar,Darbhanga,0.754035650752005,Stressed,Biometric Delay,Immediate,11
West Bengal,Darjeeling,-0.25950831082970305,Stable,Demographic Instability,Routine,32
West Bengal,Darjiling,1.7681152860675997,Critical,Demographic Instability,Monitor,10
Assam,Darrang,0.16396757059873834,Stable,Biometric Delay,Routine,27
Madhya Pradesh,Datia,-1.9663466899200654,Healthy,Biometric Delay,Routine,61
Rajasthan,Dausa,-0.2749482345874308,Stable,Biometric Delay,Immediate,24
Karnataka,Davanagere,0.16630120640411683,Stable,Demographic Instability,Routine,8
Karnataka,Davangere,-0.191753668057832,Stable,Biometric Delay,Immediate,21
Odisha,Debagarh,-0.5470832996648609,Stable,Enrolment Failure,Routine,31
Orissa,Debagarh,-0.7757996066819153,Stable,Enrolment Failure,Routine,16
Rajasthan,Deeg,-0.3852784904522768,Stable,Enrolment Failure,Routine,28
Rajasthan,Deeg ,-0.21025328925260645,Stable,Enrolment Failure,Routine,19
Rajasthan,Deegâ,-1.2893823850339414,Healthy,Enrolment Failure,Routine,44
Uttarakhand,Dehradun,1.5068545147161931,Critical,Demographic Instability,Immediate,3
Jharkhand,Deoghar,0.7499840111812213,Stressed,Biometric Delay,Immediate,8
Uttar Pradesh,Deoria,-0.3846240357468761,Stable,Biometric Delay,Immediate,61
Gujarat,Devbhumi Dwarka,-0.6220171944690595,Stable,Enrolment Failure,Routine,27
Madhya Pradesh,Dewas,-1.4133659616162624,Healthy,Biometric Delay,Immediate,56
Tripura,Dhalai,0.5000290917554113,Stressed,Biometric Delay,Immediate,5
Tripura,Dhalai  *,-1.0743603666994999,Healthy,Enrolment Failure,Routine,9
Chhattisgarh,Dhamtari,0.38769136217749495,Stable,Enrolment Failure,Immediate,15
Jharkhand,Dhanbad,1.3147256635107825,Stressed,Demographic Instability,Immediate,4
Madhya Pradesh,Dhar,0.13936398646817494,Stable,Biometric Delay,Immediate,19
Maharashtra,Dharashiv,-0.16305901406030304,Stable,Enrolment Failure,Routine,39
Tamil Nadu,Dharmapuri,-0.07193551250516794,Stable,Biometric Delay,Immediate,11
Karnataka,Dharwad,-0.212846178009864,Stable,Biometric Delay,Immediate,22
Rajasthan,Dhaulpur,-1.0669953956970595,Healthy,Enrolment Failure,Routine,41
Assam,Dhemaji,0.34917306321779396,Stable,Enrolment Failure,Routine,23
Odisha,Dhenkanal,-1.108979745402006,Healthy,Biometric Delay,Immediate,39
Orissa,Dhenkanal,-0.42141133661828645,Stable,Enrolment Failure,Routine,13
Rajasthan,Dholpur,-1.3352826282200663,Healthy,Biometric Delay,Routine,45
Assam,Dhubri,2.0942371117018816,Critical,Demographic Instability,Immediate,3
Maharashtra,Dhule,-0.2512360366851227,Stable,Demographic Instability,Routine,42
Arunachal Pradesh,Dibang Valley,-0.8047532601662993,Stable,Enrolment Failure,Routine,23
Assam,Dibrugarh,0.9176985230739825,Stressed,Biometric Delay,Immediate,9
Rajasthan,Didwana-Kuchaman,-0.10755435311704722,Stable,Enrolment Failure,Routine,15
Assam,Dima Hasao,-0.9319675495344169,Stable,Enrolment Failure,Routine,37
Nagaland,Dimapur,3.0872076563600706,Critical,Demographic Instability,Immediate,1
Tamil Nadu,Dindigul,-1.0035754233558407,Healthy,Biometric Delay,Immediate,34
Madhya Pradesh,Dindori,-0.5437056869176071,Stable,Biometric Delay,Routine,35
Dadra and Nagar Haveli and Daman and Diu,Diu,-1.7101456287931711,Healthy,Biometric Delay,Routine,4
Daman & Diu,Diu,-0.8107459172197086,Stable,Enrolment Failure,Routine,2
Daman and Diu,Diu,-0.027006495481704168,Stable,Enrolment Failure,Routine,2
Jammu & Kashmir,Doda,-0.6690082175059023,Stable,Enrolment Failure,Routine,6
Jammu and Kashmir,Doda,0.5341330651522757,Stressed,Biometric Delay,Immediate,6
Gujarat,Dohad,-0.269570626650682,Stable,Enrolment Failure,Routine,12
West Bengal,Domjur,-0.9893823850339413,Stable,Enrolment Failure,Routine,41
Andhra Pradesh,Dr. B. R. Ambedkar Konaseema,-0.2853938233824131,Stable,Enrolment Failure,Routine,18
Jharkhand,Dumka,0.3465574676744353,Stable,Demographic Instability,Immediate,15
Rajasthan,Dungarpur,-0.2055556384678557,Stable,Biometric Delay,Routine,18
Chhattisgarh,Durg,0.08804621096004184,Stable,Biometric Delay,Immediate,20
Sikkim,East,2.272161980431735,Critical,Demographic Instability,Immediate,1
Bihar,East Champaran,1.0999468177982514,Stressed,Demographic Instability,Immediate,5
Delhi,East Delhi,0.5056659501915666,Stressed,Enrolment Failure,Immediate,5
Meghalaya,East Garo Hills,0.1309953145907507,Stable,Enrolment Failure,Routine,8
Andhra Pradesh,East Godavari,2.5991099668801367,Critical,Demographic Instability,Immediate,2
Meghalaya,East Jaintia Hills,-0.41364826223601564,Stable,Biometric Delay,Routine,10
Arunachal Pradesh,East Kameng,0.5709848433954114,Stressed,Biometric Delay,Immediate,7
Meghalaya,East Khasi Hills,3.9190127896397033,Critical,Demographic Instability,Immediate,1
West Bengal,East Midnapore,0.7660683833177244,Stressed,Demographic Instability,Monitor,20
West Bengal,East Midnapur,-0.9893823850339413,Stable,Enrolment Failure,Routine,41
Madhya Pradesh,East Nimar,-0.7546871653889782,Stable,Enrolment Failure,Routine,42
Arunachal Pradesh,East Siang,1.5396336127807766,Critical,Biometric Delay,Immediate,3
Sikkim,East Sikkim,1.0585198647614529,Stressed,Biometric Delay,Immediate,2
Jharkhand,East Singhbhum,0.3408847393239955,Stable,Demographic Instability,Immediate,17
Meghalaya,Eastern West Khasi Hills,-0.5996783564360784,Stable,Enrolment Failure,Routine,12
Andhra Pradesh,Eluru,-0.4722626910088756,Stable,Enrolment Failure,Routine,20
Kerala,Ernakulam,0.1563038686030683,Stable,Demographic Instability,Immediate,5
Tamil Nadu,Erode,-0.7648522028337326,Stable,Biometric Delay,Immediate,23
Uttar Pradesh,Etah,-1.1525197585771167,Healthy,Biometric Delay,Routine,86
Uttar Pradesh,Etawah,-0.8432670828195409,Stable,Biometric Delay,Routine,80
Uttar Pradesh,Faizabad,-0.08163832615292099,Stable,Biometric Delay,Routine,47
Haryana,Faridabad,1.1467166629615813,Stressed,Demographic Instability,Immediate,1
Punjab,Faridkot,0.14339259009820138,Stable,Enrolment Failure,Routine,21
Uttar Pradesh,Farrukhabad,0.07259536850376025,Stable,Enrolment Failure,Routine,42
Haryana,Fatehabad,-0.13818642886868782,Stable,Enrolment Failure,Immediate,6
Punjab,Fatehgarh Sahib,0.27361184669786415,Stable,Enrolment Failure,Routine,18
Uttar Pradesh,Fatehpur,-0.27521174404243376,Stable,Biometric Delay,Immediate,54
Punjab,Fazilka,-0.004016843247653994,Stable,Demographic Instability,Routine,23
Punjab,Ferozepur,0.37258947412054155,Stable,Enrolment Failure,Routine,12
Uttar Pradesh,Firozabad,0.7474215716529986,Stressed,Biometric Delay,Monitor,14
Punjab,Firozpur,0.6436112684221129,Stressed,Demographic Instability,Monitor,7
Karnataka,Gadag,-1.0186595386388586,Healthy,Biometric Delay,Routine,49
Karnataka,Gadag *,-0.9238807777459629,Stable,Enrolment Failure,Routine,47
Maharashtra,Gadchiroli,0.47309619588969887,Stable,Demographic Instability,Routine,21
Odisha,Gajapati,-0.22280151507951396,Stable,Biometric Delay,Immediate,25
Orissa,Gajapati,-1.2893823850339414,Healthy,Enrolment Failure,Routine,24
Jammu and Kashmir,Ganderbal,-0.7877708484705064,Stable,Enrolment Failure,Routine,22
Gujarat,Gandhinagar,0.1366136182483447,Stable,Enrolment Failure,Routine,6
Rajasthan,Ganganagar,-0.5041347912524987,Stable,Biometric Delay,Immediate,30
Odisha,Ganjam,2.772247832753173,Critical,Demographic Instability,Immediate,1
Orissa,Ganjam,3.2697361506998055,Critical,Demographic Instability,Immediate,3
Jharkhand,Garhwa,0.30533819343008733,Stable,Biometric Delay,Immediate,18
Jharkhand,Garhwa *,0.0670956485038664,Stable,Enrolment Failure,Routine,23
Uttarakhand,Garhwal,-0.49884035751932043,Stable,Enrolment Failure,Routine,11
Uttaranchal,Garhwal,-0.6714035367975895,Stable,Enrolment Failure,Routine,1
Chhattisgarh,Gariyaband,0.2823272500469666,Stable,Enrolment Failure,Routine,16
Chhattisgarh,Gaurela-pendra-marwahi,-0.6825269117238502,Stable,Enrolment Failure,Routine,29
Uttar Pradesh,Gautam Buddha Nagar,0.7544834355254495,Stressed,Enrolment Failure,Monitor,13
Uttar Pradesh,Gautam Buddha Nagar *,-0.9893823850339413,Stable,Enrolment Failure,Routine,84
Bihar,Gaya,0.9421989091386511,Stressed,Biometric Delay,Immediate,8
Uttar Pradesh,Ghaziabad,0.48657359688667157,Stable,Biometric Delay,Immediate,22
Uttar Pradesh,Ghazipur,0.20142463590745951,Stable,Biometric Delay,Immediate,32
Gujarat,Gir Somnath,-0.6133030668404911,Stable,Enrolment Failure,Routine,26
Jharkhand,Giridih,1.6352532253375323,Critical,Demographic Instability,Immediate,2
Assam,Goalpara,0.8163799143844744,Stressed,Biometric Delay,Immediate,10
Jharkhand,Godda,0.8453229992937061,Stressed,Biometric Delay,Immediate,6
Assam,Golaghat,0.4383528205251714,Stable,Enrolment Failure,Routine,20
Tripura,Gomati,-0.6133030668404911,Stable,Enrolment Failure,Routine,8
Uttar Pradesh,Gonda,-0.8824033404783428,Stable,Biometric Delay,Immediate,81
Maharashtra,Gondia,-0.47141729224381945,Stable,Enrolment Failure,Routine,47
Maharashtra,Gondiya,0.22722285260723307,Stable,Enrolment Failure,Routine,30
Maharashtra,Gondiya *,0.30884839783920837,Stable,Enrolment Failure,Routine,26
Bihar,Gopalganj,0.33884183138367074,Stable,Enrolment Failure,Routine,19
Uttar Pradesh,Gorakhpur,0.12122600727378383,Stable,Biometric Delay,Immediate,40
Karnataka,Gulbarga,-1.055600014632474,Healthy,Biometric Delay,Immediate,50
Jharkhand,Gumla,0.7478822134552106,Stressed,Enrolment Failure,Immediate,9
Madhya Pradesh,Guna,0.40817724076641954,Stable,Biometric Delay,Immediate,11
Andhra Pradesh,Guntur,2.5125373134461975,Critical,Demographic Instability,Immediate,3
Punjab,Gurdaspur,1.326217943547742,Stressed,Demographic Instability,Immediate,3
Haryana,Gurgaon,0.7188861137498056,Stressed,Demographic Instability,Monitor,3
Madhya Pradesh,Gwalior,0.6063537070692164,Stressed,Demographic Instability,Immediate,6
Assam,Hailakandi,0.5928339038424922,Stressed,Biometric Delay,Immediate,16
Himachal Pradesh,Hamirpur,-1.0160101300092237,Healthy,Biometric Delay,Routine,11
Uttar Pradesh,Hamirpur,-0.4691824636443282,Stable,Biometric Delay,Routine,65
Telangana,Hanumakonda,-0.4685814853858418,Stable,Enrolment Failure,Routine,22
Rajasthan,Hanumangarh,-0.2432493065712081,Stable,Enrolment Failure,Immediate,22
West Bengal,Haora,2.3567159856609665,Critical,Demographic Instability,Monitor,5
Uttar Pradesh,Hapur,0.017434030033864234,Stable,Enrolment Failure,Routine,43
Madhya Pradesh,Harda,-0.6732010751233661,Stable,Enrolment Failure,Routine,40
Madhya Pradesh,Harda *,-0.4454652874004478,Stable,Enrolment Failure,Routine,31
Uttar Pradesh,Hardoi,0.4916700922545223,Stable,Biometric Delay,Immediate,21
Uttarakhand,Hardwar,-0.36238144339327844,Stable,Enrolment Failure,Routine,6
Uttarakhand,Haridwar,2.0778806612385585,Critical,Demographic Instability,Immediate,2
Karnataka,Hasan,-0.025944620662405993,Stable,Enrolment Failure,Routine,17
Karnataka,Hassan,-0.7333090491295498,Stable,Biometric Delay,Routine,42
Uttar Pradesh,Hathras,-0.43220200228893363,Stable,Biometric Delay,Routine,63
Karnataka,Haveri,-0.255878351850377,Stable,Biometric Delay,Immediate,26
Karnataka,Haveri *,-0.5875004012919437,Stable,Enrolment Failure,Routine,37
West Bengal,Hawrah,-0.9893823850339413,Stable,Enrolment Failure,Routine,41
Jharkhand,Hazaribag,-0.051634292823986516,Stable,Enrolment Failure,Routine,26
Jharkhand,Hazaribagh,-0.4080436502634365,Stable,Biometric Delay,Immediate,30
Maharashtra,Hingoli,0.7786634656169569,Stressed,Demographic Instability,Monitor,16
Maharashtra,Hingoli *,-0.9893823850339413,Stable,Enrolment Failure,Routine,50
Haryana,Hisar,-0.7612747276339581,Stable,Biometric Delay,Immediate,15
Mizoram,Hnahthial,-1.1291953012699218,Healthy,Enrolment Failure,Routine,11
Assam,Hojai,0.3511781244753264,Stable,Enrolment Failure,Routine,22
West Bengal,Hooghiy,-0.8291953012699218,Stable,Enrolment Failure,Routine,39
West  Bengal,Hooghly,-0.6714035367975895,Stable,Enrolment Failure,Routine,1
West Bangal,Hooghly,-0.8677813690531324,Stable,Biometric Delay,Immediate,1
West Bengal,Hooghly,1.335007884899442,Stressed,Demographic Instability,Immediate,13
Westbengal,Hooghly,0.13160145672684742,Stable,Biometric Delay,Immediate,1
Madhya Pradesh,Hoshangabad,-1.2413034538761993,Healthy,Biometric Delay,Immediate,53
Punjab,Hoshiarpur,0.23862602287564347,Stable,Demographic Instability,Immediate,20
West Bangal,Howrah,-1.5963482163476688,Healthy,Biometric Delay,Routine,4
West Bengal,Howrah,0.29240569737583605,Stable,Biometric Delay,Immediate,28
Westbengal,Howrah,-0.9893823850339413,Stable,Enrolment Failure,Routine,2
West Bengal,Hugli,-0.46750062704380485,Stable,Enrolment Failure,Routine,35
Andhra Pradesh,Hyderabad,-0.5650127871819396,Stable,Biometric Delay,Immediate,24
Telangana,Hyderabad,2.511311024064404,Critical,Demographic Instability,Immediate,2
Kerala,Idukki,-0.606390262378686,Stable,Enrolment Failure,Routine,15
Manipur,Imphal East,1.8617511333255679,Critical,Biometric Delay,Immediate,3
Manipur,Imphal West,2.861322987726776,Critical,Demographic Instability,Immediate,1
Madhya Pradesh,Indore,1.9731463969898695,Critical,Demographic Instability,Immediate,1
Madhya Pradesh,Jabalpur,1.1087047644084116,Stressed,Demographic Instability,Immediate,3
Odisha,Jagatsinghapur,-0.3352580005389807,Stable,Biometric Delay,Immediate,27
Orissa,Jagatsinghapur,-1.2893823850339414,Healthy,Enrolment Failure,Routine,24
Odisha,Jagatsinghpur,0.46189865870163016,Stable,Demographic Instability,Routine,8
Telangana,Jagitial,-0.0734061983502464,Stable,Enrolment Failure,Routine,13
Meghalaya,Jaintia Hills,-0.9893823850339413,Stable,Enrolment Failure,Routine,13
Rajasthan,Jaipur,2.100006916065049,Critical,Demographic Instability,Immediate,1
Rajasthan,Jaisalmer,-0.9113471812895786,Stable,Enrolment Failure,Routine,34
Odisha,Jajapur,-1.0492941886472278,Healthy,Biometric Delay,Routine,37
Orissa,Jajapur,-0.6928687267924027,Stable,Enrolment Failure,Routine,15
Odisha,JAJPUR,-0.4677454099379107,Stable,Enrolment Failure,Routine,28
Punjab,Jalandhar,0.5933673457846489,Stressed,Demographic Instability,Immediate,8
Uttar Pradesh,Jalaun,0.1900112585146131,Stable,Biometric Delay,Routine,34
Maharashtra,Jalgaon,0.22215989541105274,Stable,Demographic Instability,Immediate,31
Maharashtra,Jalna,0.37386013792664124,Stable,Enrolment Failure,Routine,24
Rajasthan,Jalor,-0.24524675836249418,Stable,Biometric Delay,Immediate,23
Rajasthan,Jalore,0.34645076223891946,Stable,Enrolment Failure,Routine,6
West Bengal,Jalpaiguri,1.7175391049092834,Critical,Demographic Instability,Immediate,11
Jammu & Kashmir,Jammu,1.7734260195349882,Critical,Demographic Instability,Immediate,1
Jammu and Kashmir,Jammu,2.2941611396345887,Critical,Demographic Instability,Immediate,1
Gujarat,Jamnagar,-0.6013513025709435,Stable,Biometric Delay,Routine,25
Jharkhand,Jamtara,0.38428265446345977,Stable,Enrolment Failure,Routine,13
Bihar,Jamui,-0.06360391874581281,Stable,Biometric Delay,Routine,31
Telangana,Jangaon,-0.2558601776135401,Stable,Enrolment Failure,Routine,19
Telangana,Jangoan,-0.17474359047716606,Stable,Enrolment Failure,Routine,15
Chhattisgarh,Janjgir - Champa,-0.9893823850339413,Stable,Enrolment Failure,Routine,33
Chhattisgarh,Janjgir Champa,-0.9893823850339413,Stable,Enrolment Failure,Routine,33
Chhattisgarh,Janjgir-champa,1.9966032390701989,Critical,Demographic Instability,Immediate,2
Chhattisgarh,Jashpur,0.18013232336054308,Stable,Biometric Delay,Immediate,19
Uttar Pradesh,Jaunpur,0.8024806246654483,Stressed,Biometric Delay,Immediate,12
Telangana,Jayashankar Bhupalpally,-0.21338437447120867,Stable,Enrolment Failure,Routine,17
Bihar,Jehanabad,-0.38667480016064903,Stable,Enrolment Failure,Routine,39
Madhya Pradesh,Jhabua,0.42079087806964244,Stable,Enrolment Failure,Routine,9
Haryana,Jhajjar,-1.2432050886162642,Healthy,Biometric Delay,Routine,21
Rajasthan,Jhalawar,-0.943705676492088,Stable,Biometric Delay,Routine,35
Uttar Pradesh,Jhansi,-0.06692076111142808,Stable,Biometric Delay,Routine,46
West Bengal,Jhargram,-0.44208041515550067,Stable,Enrolment Failure,Routine,34
Odisha,Jharsuguda,-0.6555804744181565,Stable,Enrolment Failure,Routine,33
Orissa,Jharsuguda,-1.1291953012699218,Healthy,Enrolment Failure,Routine,23
Rajasthan,Jhunjhunu,-0.16816972005247005,Stable,Enrolment Failure,Routine,16
Rajasthan,Jhunjhunun,-0.552321744135057,Stable,Biometric Delay,Immediate,33
Haryana,Jind,-0.7637444690228619,Stable,Biometric Delay,Immediate,16
Manipur,Jiribam,-1.0097991478189647,Healthy,Enrolment Failure,Routine,12
Rajasthan,Jodhpur,0.34932163519508364,Stable,Demographic Instability,Immediate,5
Telangana,Jogulamba Gadwal,-0.9334110877805646,Stable,Enrolment Failure,Routine,36
Assam,Jorhat,-0.18213639229686734,Stable,Biometric Delay,Routine,33
Gujarat,Junagadh,-0.3862071962050585,Stable,Biometric Delay,Immediate,16
Uttar Pradesh,Jyotiba Phule Nagar,-0.4837515694902642,Stable,Enrolment Failure,Routine,67
Andhra Pradesh,K.v. Rangareddy,-0.6017329877086125,Stable,Enrolment Failure,Routine,27
Telangana,K.v. Rangareddy,3.5344205997217824,Critical,Demographic Instability,Immediate,1
Andhra Pradesh,K.V.Rangareddy,-0.7755524304272959,Stable,Enrolment Failure,Routine,33
Chhattisgarh,Kabeerdham,-0.7759924181186714,Stable,Enrolment Failure,Routine,31
Gujarat,Kachchh,-0.4305565282631867,Stable,Biometric Delay,Immediate,18
Bihar,Kaimur (Bhabua),0.3125676421515732,Stable,Enrolment Failure,Routine,20
Haryana,Kaithal,-0.5290150178962388,Stable,Biometric Delay,Immediate,9
Manipur,Kakching,-0.4314258816458453,Stable,Enrolment Failure,Routine,7
Andhra Pradesh,Kakinada,-0.509404307979539,Stable,Enrolment Failure,Routine,22
Karnataka,Kalaburagi,0.026014894610388084,Stable,Biometric Delay,Immediate,14
Odisha,Kalahandi,1.0369118046385237,Stressed,Demographic Instability,Immediate,4
Orissa,Kalahandi,-0.9893823850339413,Stable,Enrolment Failure,Routine,20
West Bengal,Kalimpong,1.7977800330268492,Critical,Enrolment Failure,Immediate,9
Tamil Nadu,Kallakurichi,-1.00460534723124,Healthy,Enrolment Failure,Routine,35
Telangana,Kamareddy,-0.9452198655100644,Stable,Enrolment Failure,Routine,37
Arunachal Pradesh,Kamle,-0.8104202398342157,Stable,Enrolment Failure,Routine,24
Assam,Kamrup,0.4585913866462884,Stable,Biometric Delay,Immediate,19
Assam,Kamrup Metro,0.7757233143784966,Stressed,Biometric Delay,Immediate,11
Tamil Nadu,Kancheepuram,1.9449822776462078,Critical,Demographic Instability,Immediate,1
Tamil Nadu,Kanchipuram,-0.9893823850339413,Stable,Enrolment Failure,Routine,32
Odisha,Kandhamal,-1.1006421901262047,Healthy,Biometric Delay,Routine,38
Orissa,Kandhamal,-1.0195586062210973,Healthy,Enrolment Failure,Routine,21
Himachal Pradesh,Kangra,2.402563636448801,Critical,Demographic Instability,Immediate,1
Chhattisgarh,Kanker,-1.5323960017168015,Healthy,Biometric Delay,Routine,39
Uttar Pradesh,Kannauj,-0.3075665078283174,Stable,Biometric Delay,Routine,57
Tamil Nadu,Kanniyakumari,-1.3107857185847795,Healthy,Biometric Delay,Routine,43
Kerala,Kannur,0.16873335279710408,Stable,Demographic Instability,Immediate,4
Uttar Pradesh,Kanpur Dehat,-1.3579818272075002,Healthy,Biometric Delay,Routine,88
Uttar Pradesh,Kanpur Nagar,0.4476064953866095,Stable,Biometric Delay,Immediate,24
Tamil Nadu,Kanyakumari,-0.7198283094285387,Stable,Enrolment Failure,Routine,21
Punjab,Kapurthala,0.2921463450224226,Stable,Enrolment Failure,Routine,16
Pondicherry,Karaikal,-0.24082359961745828,Stable,Enrolment Failure,Routine,2
Puducherry,Karaikal,-0.9246189762328396,Stable,Biometric Delay,Immediate,2
Rajasthan,Karauli,-0.43709834144581106,Stable,Biometric Delay,Routine,29
Assam,Karbi Anglong,0.6899294282203423,Stressed,Biometric Delay,Immediate,12
Jammu & Kashmir,Kargil,-0.9893823850339413,Stable,Enrolment Failure,Routine,10
Jammu and Kashmir,Kargil,-1.2661343850280107,Healthy,Biometric Delay,Routine,25
Ladakh,Kargil,-0.9216244521759669,Stable,Biometric Delay,Immediate,2
Andhra Pradesh,Karim Nagar,-0.3992688923223897,Stable,Enrolment Failure,Routine,19
Assam,Karimganj,1.1367281659295974,Stressed,Biometric Delay,Immediate,7
Andhra Pradesh,Karimnagar,-0.7880099185780836,Stable,Enrolment Failure,Routine,34
Telangana,Karimnagar,1.5586828981042296,Critical,Biometric Delay,Immediate,4
Haryana,Karnal,-1.664822241255729,Healthy,Biometric Delay,Immediate,25
Tamil Nadu,Karur,-1.0943565702701488,Healthy,Biometric Delay,Routine,39
Kerala,Kasaragod,-0.3607573149867006,Stable,Biometric Delay,Routine,12
Kerala,Kasargod,-0.26231847379778284,Stable,Enrolment Failure,Routine,9
Uttar Pradesh,Kasganj,0.1939259676856569,Stable,Biometric Delay,Routine,33
Jammu & Kashmir,Kathua,-0.27153465721046255,Stable,Biometric Delay,Immediate,3
Jammu and Kashmir,Kathua,0.19591432267430942,Stable,Biometric Delay,Immediate,8
Bihar,Katihar,1.2824582017234627,Stressed,Demographic Instability,Immediate,3
Madhya Pradesh,Katni,-1.1088164816968142,Healthy,Biometric Delay,Immediate,50
Uttar Pradesh,Kaushambi,-0.3072740904824335,Stable,Biometric Delay,Routine,56
Chhattisgarh,Kawardha,0.2183344375758644,Stable,Enrolment Failure,Immediate,18
Odisha,Kendrapara,0.47977120241504106,Stable,Biometric Delay,Immediate,7
Orissa,Kendrapara,-1.0957346949867521,Healthy,Enrolment Failure,Routine,22
Odisha,Kendujhar,1.343569889076062,Stressed,Demographic Instability,Immediate,3
Orissa,Kendujhar,-1.2893823850339414,Healthy,Enrolment Failure,Routine,24
Bihar,Khagaria,0.34046378299763563,Stable,Enrolment Failure,Routine,18
Chhattisgarh,Khairagarh Chhuikhadan Gandai,-0.3303002253102118,Stable,Enrolment Failure,Routine,25
Rajasthan,Khairthal-Tijara,-0.19365717693176515,Stable,Enrolment Failure,Routine,17
Andhra Pradesh,Khammam,-1.4242796209810558,Healthy,Enrolment Failure,Routine,44
Telangana,Khammam,-0.4720833631048761,Stable,Biometric Delay,Immediate,23
Madhya Pradesh,Khandwa,-1.755243259142758,Healthy,Biometric Delay,Routine,60
Madhya Pradesh,Khargone,-1.646643865148799,Healthy,Biometric Delay,Immediate,59
Mizoram,Khawzawl,-0.8622168283298893,Stable,Enrolment Failure,Routine,10
Gujarat,Kheda,-0.32223860583002784,Stable,Biometric Delay,Immediate,14
Uttar Pradesh,Kheri,0.7293438926177497,Stressed,Biometric Delay,Immediate,15
Odisha,Khorda,0.19492537747145922,Stable,Biometric Delay,Immediate,11
Orissa,Khorda,-0.7757996066819153,Stable,Enrolment Failure,Routine,16
Odisha,Khordha,0.1283999009853365,Stable,Enrolment Failure,Routine,12
Orissa,Khordha,3.5939003708808226,Critical,Demographic Instability,Monitor,2
Orissa,Khordha  *,-0.9893823850339413,Stable,Enrolment Failure,Routine,20
Tripura,Khowai,-0.41056042873770554,Stable,Enrolment Failure,Routine,7
Jharkhand,Khunti,0.10893772526059756,Stable,Enrolment Failure,Routine,22
Himachal Pradesh,Kinnaur,-0.4680538134198209,Stable,Enrolment Failure,Routine,7
Nagaland,Kiphire,-0.4418627927477555,Stable,Enrolment Failure,Routine,10
Bihar,Kishanganj,1.1792257105628385,Stressed,Demographic Instability,Immediate,4
Jammu and Kashmir,Kishtwar,-0.3494983619887154,Stable,Enrolment Failure,Routine,15
West Bengal,Koch Bihar,2.66868872273454,Critical,Demographic Instability,Monitor,4
Karnataka,Kodagu,-0.1367362761929171,Stable,Enrolment Failure,Routine,20
Jharkhand,Kodarma,-0.2809346592951436,Stable,Enrolment Failure,Routine,29
Jharkhand,Koderma,0.06158086833517018,Stable,Enrolment Failure,Routine,24
Nagaland,Kohima,0.8480133675600294,Stressed,Biometric Delay,Immediate,4
Assam,Kokrajhar,0.9200684958054162,Stressed,Biometric Delay,Immediate,8
Karnataka,Kolar,-0.6608285979715929,Stable,Biometric Delay,Immediate,38
Mizoram,Kolasib,-0.28550817310123255,Stable,Biometric Delay,Routine,7
Maharashtra,Kolhapur,0.2620706028279639,Stable,Demographic Instability,Immediate,28
West Bengal,Kolkata,0.6380601808262487,Stressed,Demographic Instability,Immediate,23
Kerala,Kollam,-0.012687629526075578,Stable,Demographic Instability,Immediate,8
Telangana,Komaram Bheem,-0.9500205246955536,Stable,Enrolment Failure,Routine,39
Chhattisgarh,Kondagaon,-0.3679130124628946,Stable,Enrolment Failure,Routine,27
Karnataka,Koppal,-0.2322596275613218,Stable,Biometric Delay,Immediate,23
Odisha,Koraput,0.05538271556363061,Stable,Biometric Delay,Immediate,13
Orissa,Koraput,-0.1700863597207494,Stable,Enrolment Failure,Immediate,8
Chhattisgarh,Korba,0.8405505678156501,Stressed,Demographic Instability,Immediate,10
Chhattisgarh,Koriya,0.04385005895759153,Stable,Enrolment Failure,Routine,21
Rajasthan,Kota,-0.029558299966664932,Stable,Demographic Instability,Routine,13
Rajasthan,Kotputli-Behror,-0.230242901361744,Stable,Enrolment Failure,Routine,20
Kerala,Kottayam,-0.49566974147235876,Stable,Demographic Instability,Routine,14
Kerala,Kozhikode,0.22639442816209585,Stable,Demographic Instability,Immediate,2
Arunachal Pradesh,Kra Daadi,-0.6138353600164215,Stable,Enrolment Failure,Routine,19
Andhra Pradesh,Krishna,2.388892516143076,Critical,Demographic Instability,Immediate,4
Tamil Nadu,Krishnagiri,-1.0153923321164897,Healthy,Biometric Delay,Immediate,36
Jammu and Kashmir,Kulgam,-0.5083747037802346,Stable,Biometric Delay,Routine,17
Himachal Pradesh,Kullu,-0.5252270274014615,Stable,Enrolment Failure,Routine,8
Jammu & Kashmir,Kupwara,-0.9893823850339413,Stable,Enrolment Failure,Routine,10
Jammu and Kashmir,Kupwara,0.747483351034788,Stressed,Biometric Delay,Immediate,5
Andhra Pradesh,Kurnool,2.605720117691277,Critical,Demographic Instability,Immediate,1
Haryana,Kurukshetra,-1.322854631997103,Healthy,Biometric Delay,Routine,23
Arunachal Pradesh,Kurung Kumey,-0.3866264989948882,Stable,Biometric Delay,Immediate,15
Uttar Pradesh,Kushinagar,0.30675938793727997,Stable,Biometric Delay,Immediate,29
Uttar Pradesh,Kushinagar *,-0.8155823136877947,Stable,Enrolment Failure,Routine,77
Himachal Pradesh,Lahaul And Spiti,-1.1291953012699218,Healthy,Enrolment Failure,Routine,12
Himachal Pradesh,Lahul & Spiti,-1.2893823850339414,Healthy,Enrolment Failure,Routine,14
Himachal Pradesh,Lahul And Spiti,-0.6486340499778634,Stable,Enrolment Failure,Routine,9
Assam,Lakhimpur,-0.09292057386258745,Stable,Biometric Delay,Immediate,31
Bihar,Lakhisarai,-0.038375668320584144,Stable,Enrolment Failure,Routine,30
Lakshadweep,Lakshadweep,-0.9270178027218852,Stable,Biometric Delay,Routine,1
Uttar Pradesh,Lalitpur,0.18922149060489557,Stable,Biometric Delay,Routine,35
Jharkhand,Latehar,0.2400347290962743,Stable,Enrolment Failure,Routine,20
Maharashtra,Latur,0.9439772804270893,Stressed,Demographic Instability,Immediate,12
Mizoram,Lawngtlai,0.6837270396055126,Stressed,Biometric Delay,Immediate,4
Jammu and Kashmir,Leh,-0.6909516353530427,Stable,Enrolment Failure,Routine,21
Ladakh,Leh,0.04826212274560299,Stable,Enrolment Failure,Immediate,1
Jammu & Kashmir,Leh (Ladakh),-0.5088211337418829,Stable,Biometric Delay,Routine,4
Arunachal Pradesh,Leparada,-0.6486340499778634,Stable,Enrolment Failure,Routine,21
Jharkhand,Lohardaga,-0.4702726809288229,Stable,Enrolment Failure,Routine,31
Arunachal Pradesh,Lohit,0.8295419926917533,Stressed,Biometric Delay,Immediate,5
Arunachal Pradesh,Longding,-0.1729012769877042,Stable,Biometric Delay,Routine,14
Nagaland,Longleng,-0.4788712709634942,Stable,Enrolment Failure,Routine,12
Arunachal Pradesh,Lower Dibang Valley,0.10147573240684193,Stable,Biometric Delay,Immediate,11
Arunachal Pradesh,Lower Siang,-0.5412623199527165,Stable,Enrolment Failure,Routine,16
Arunachal Pradesh,Lower Subansiri,0.20141684837521712,Stable,Biometric Delay,Immediate,8
Uttar Pradesh,Lucknow,1.4946178525572065,Stressed,Demographic Instability,Immediate,2
Punjab,Ludhiana,1.8970938307868406,Critical,Demographic Instability,Immediate,1
Mizoram,Lunglei,1.3637081460267702,Stressed,Biometric Delay,Immediate,2
Bihar,Madhepura,0.6523145573755503,Stressed,Enrolment Failure,Immediate,12
Bihar,Madhubani,0.3711576198060883,Stable,Demographic Instability,Immediate,17
Tamil Nadu,Madurai,0.28642146066720986,Stable,Biometric Delay,Immediate,7
Andhra Pradesh,Mahabub Nagar,0.16276264131832405,Stable,Demographic Instability,Routine,11
Telangana,Mahabubabad,-0.45941343087746045,Stable,Enrolment Failure,Routine,21
Andhra Pradesh,Mahabubnagar,-1.2893823850339414,Healthy,Enrolment Failure,Routine,42
Telangana,Mahabubnagar,1.9828626485535334,Critical,Biometric Delay,Immediate,3
Uttar Pradesh,Maharajganj,-0.05921600576364017,Stable,Biometric Delay,Immediate,45
Chhattisgarh,Mahasamund,1.0871484891532026,Stressed,Demographic Instability,Immediate,7
Andhra Pradesh,Mahbubnagar,-0.8441857597444081,Stable,Enrolment Failure,Routine,36
Haryana,Mahendragarh,-0.4649905536186546,Stable,Enrolment Failure,Routine,7
Gujarat,Mahesana,-1.20862739601415,Healthy,Biometric Delay,Immediate,38
Gujarat,Mahisagar,-0.3140916185864182,Stable,Enrolment Failure,Routine,13
Uttar Pradesh,Mahoba,-0.18215753020930087,Stable,Enrolment Failure,Routine,49
Uttar Pradesh,Mahoba *,-0.9893823850339413,Stable,Enrolment Failure,Routine,84
Uttar Pradesh,Mahrajganj,-0.9690082175059023,Stable,Enrolment Failure,Routine,83
Madhya Pradesh,Maihar,0.14967424137378016,Stable,Demographic Instability,Routine,18
Uttar Pradesh,Mainpuri,-0.2406398175034839,Stable,Biometric Delay,Routine,52
Assam,Majuli,-0.12294503306652341,Stable,Enrolment Failure,Routine,32
Kerala,Malappuram,1.8430995634810174,Critical,Demographic Instability,Immediate,1
West Bengal,Malda,0.7657025955378916,Stressed,Demographic Instability,Immediate,21
West Bengal,Maldah,0.3586998216667715,Stable,Demographic Instability,Routine,26
Punjab,Malerkotla,-0.148401989751135,Stable,Enrolment Failure,Routine,24
Odisha,Malkangiri,-0.4730437206428622,Stable,Biometric Delay,Routine,29
Orissa,Malkangiri,-1.2893823850339414,Healthy,Enrolment Failure,Routine,24
Mizoram,Mamit,0.3388131435284122,Stable,Biometric Delay,Immediate,5
Mizoram,Mammit,-0.7015596285214268,Stable,Enrolment Failure,Routine,9
Telangana,Mancherial,-0.07795826530302645,Stable,Enrolment Failure,Routine,14
Himachal Pradesh,Mandi,-0.0017547325343039155,Stable,Biometric Delay,Immediate,4
Madhya Pradesh,Mandla,-0.2527531448635529,Stable,Enrolment Failure,Routine,23
Madhya Pradesh,Mandsaur,-1.4444857239809274,Healthy,Biometric Delay,Routine,57
Karnataka,Mandya,0.07695360818383015,Stable,Biometric Delay,Immediate,12
Chhattisgarh,Manendragarhâ€“Chirmiriâ€“Bharatpur,-1.2893823850339414,Healthy,Enrolment Failure,Routine,38
Chhattisgarh,Manendragarhchirmiribharatpur,-1.2893823850339414,Healthy,Enrolment Failure,Routine,38
Chhattisgarh,Manendragarh–Chirmiri–Bharatpur,-0.2262502493497671,Stable,Enrolment Failure,Routine,24
Punjab,Mansa,0.4556831590941254,Stable,Enrolment Failure,Routine,10
Assam,Marigaon,1.2765200746934258,Stressed,Biometric Delay,Immediate,4
Uttar Pradesh,Mathura,-0.6674746160146257,Stable,Biometric Delay,Routine,72
Uttar Pradesh,Mau,-0.5689928978088927,Stable,Enrolment Failure,Routine,68
Madhya Pradesh,Mauganj,0.26605631601350743,Stable,Enrolment Failure,Routine,15
Tamil Nadu,Mayiladuthurai,-0.4473222992499001,Stable,Enrolment Failure,Routine,15
Odisha,Mayurbhanj,2.370149169236515,Critical,Demographic Instability,Immediate,2
Orissa,Mayurbhanj,-1.2893823850339414,Healthy,Enrolment Failure,Routine,24
Andhra Pradesh,Medak,-1.432851644960434,Healthy,Enrolment Failure,Routine,45
Telangana,Medak,0.2922533645501282,Stable,Biometric Delay,Immediate,8
Telangana,Medchal?Malkajgiri,-0.6486340499778634,Stable,Enrolment Failure,Routine,29
Telangana,Medchalâˆ’Malkajgiri,-0.6486340499778634,Stable,Enrolment Failure,Routine,29
Telangana,Medchal-malkajgiri,0.6086642353270179,Stressed,Demographic Instability,Monitor,6
Telangana,Medchal−Malkajgiri,-0.6486340499778634,Stable,Enrolment Failure,Routine,29
West Bengal,Medinipur,-1.2893823850339414,Healthy,Enrolment Failure,Routine,42
Uttar Pradesh,Meerut,0.31250422974500786,Stable,Biometric Delay,Immediate,28
Nagaland,Meluri,-1.2098876729748533,Healthy,Enrolment Failure,Routine,16
Haryana,Mewat,1.0128486631644698,Stressed,Biometric Delay,Immediate,2
Uttar Pradesh,Mirzapur,-0.5893578284127299,Stable,Biometric Delay,Routine,69
Punjab,Moga,-0.2575926673267661,Stable,Demographic Instability,Routine,27
Chandigarh,Mohali,-0.7757996066819153,Stable,Enrolment Failure,Routine,2
Chhattisgarh,Mohalla-Manpur-Ambagarh Chowki,-0.8291953012699218,Stable,Enrolment Failure,Routine,32
Chhattisgarh,Mohla-Manpur-Ambagarh Chouki,-1.218188125583266,Healthy,Enrolment Failure,Routine,35
Nagaland,Mokokchung,0.557408197634213,Stressed,Enrolment Failure,Immediate,6
Nagaland,Mon,1.2738412017682106,Stressed,Demographic Instability,Immediate,2
Bihar,Monghyr,-0.7527591582618148,Stable,Enrolment Failure,Routine,43
Uttar Pradesh,Moradabad,1.2071081689478798,Stressed,Biometric Delay,Immediate,4
Gujarat,Morbi,-0.5150116430362969,Stable,Enrolment Failure,Routine,20
Madhya Pradesh,Morena,0.12501783318973347,Stable,Biometric Delay,Immediate,20
Punjab,Muktsar,0.2878619900113597,Stable,Demographic Instability,Routine,17
Telangana,Mulugu,-0.5416227555290138,Stable,Enrolment Failure,Routine,24
Maharashtra,Mumbai,-0.32003091127704203,Stable,Demographic Instability,Immediate,44
Maharashtra,Mumbai City,0.023834017899755422,Stable,Enrolment Failure,Routine,38
Maharashtra,Mumbai Suburban,1.401510865805082,Stressed,Demographic Instability,Immediate,10
Maharashtra,Mumbai( Sub Urban ),0.029163687624244483,Stable,Enrolment Failure,Routine,37
Chhattisgarh,Mungeli,0.8614053123888281,Stressed,Demographic Instability,Immediate,9
Bihar,Munger,-0.0038363350189093426,Stable,Enrolment Failure,Routine,28
West Bengal,Murshidabad,2.6937572870382027,Critical,Demographic Instability,Immediate,3
Uttar Pradesh,Muzaffarnagar,0.4306428108368545,Stable,Biometric Delay,Immediate,25
Bihar,Muzaffarpur,-0.08067129059002182,Stable,Demographic Instability,Immediate,32
Karnataka,Mysore,0.45435150589592466,Stable,Enrolment Failure,Immediate,5
Karnataka,Mysuru,0.14986003955767352,Stable,Biometric Delay,Immediate,10
Andhra Pradesh,N. T. R,-0.49428791879555073,Stable,Enrolment Failure,Routine,21
Odisha,Nabarangapur,0.9904850577820428,Stressed,Biometric Delay,Immediate,5
Orissa,Nabarangapur,-0.9893823850339413,Stable,Enrolment Failure,Routine,20
West Bengal,Nadia,1.0642767849221844,Stressed,Demographic Instability,Immediate,17
Assam,Nagaon,2.4431576399551513,Critical,Demographic Instability,Immediate,2
Tamil Nadu,Nagapattinam,-0.9343121268006345,Stable,Biometric Delay,Routine,29
Telangana,Nagarkurnool,-0.5602089206548098,Stable,Enrolment Failure,Routine,27
Rajasthan,Nagaur,0.045514346158593844,Stable,Biometric Delay,Immediate,11
Maharashtra,Nagpur,0.1494607103657989,Stable,Demographic Instability,Immediate,32
Uttarakhand,Nainital,0.1535906703460036,Stable,Biometric Delay,Immediate,4
Delhi,Najafgarh,-0.9893823850339413,Stable,Enrolment Failure,Routine,13
Bihar,Nalanda,0.8111599453479104,Stressed,Demographic Instability,Monitor,10
Assam,Nalbari,0.2526595169539219,Stable,Biometric Delay,Immediate,25
Andhra Pradesh,Nalgonda,-0.2315840999131495,Stable,Demographic Instability,Routine,17
Telangana,Nalgonda,1.5198596469562382,Critical,Biometric Delay,Immediate,5
Tamil Nadu,Namakkal,-0.9485942238712562,Stable,Biometric Delay,Immediate,30
Sikkim,Namchi,-0.28970515120577667,Stable,Enrolment Failure,Routine,8
Arunachal Pradesh,Namsai,0.6875086813737551,Stressed,Biometric Delay,Immediate,6
Maharashtra,Nanded,2.6084486475455333,Critical,Demographic Instability,Immediate,1
Maharashtra,Nandurbar,0.44880687264521346,Stable,Enrolment Failure,Immediate,22
Maharashtra,Nandurbar *,-0.9893823850339413,Stable,Enrolment Failure,Routine,50
Andhra Pradesh,Nandyal,-0.7910225688792141,Stable,Enrolment Failure,Routine,35
Telangana,Narayanpet,-0.8785989786505213,Stable,Enrolment Failure,Routine,35
Chhattisgarh,Narayanpur,-1.1229067524902274,Healthy,Enrolment Failure,Routine,34
Gujarat,Narmada,-1.1566444886202023,Healthy,Enrolment Failure,Routine,37
Madhya Pradesh,Narmadapuram,-0.07778705091652588,Stable,Enrolment Failure,Routine,21
Madhya Pradesh,Narsimhapur,-0.2993180019383781,Stable,Enrolment Failure,Routine,26
Madhya Pradesh,Narsinghpur,-1.0067186574366773,Healthy,Biometric Delay,Routine,48
Maharashtra,Nashik,2.208073863180711,Critical,Demographic Instability,Immediate,5
Gujarat,Navsari,-0.34556349912794526,Stable,Enrolment Failure,Routine,15
Bihar,Nawada,0.050052609298175815,Stable,Demographic Instability,Routine,26
Punjab,Nawanshahr,0.8876275378286089,Stressed,Demographic Instability,Monitor,4
Odisha,Nayagarh,-0.183919775916645,Stable,Biometric Delay,Immediate,22
Orissa,Nayagarh,-0.21951587572301587,Stable,Enrolment Failure,Immediate,9
Madhya Pradesh,Neemuch,-0.47197913429100125,Stable,Biometric Delay,Routine,33
Andhra Pradesh,Nellore,0.053578408951260315,Stable,Biometric Delay,Immediate,14
Delhi,New Delhi,-0.4686900964255009,Stable,Enrolment Failure,Routine,10
Andaman and Nicobar Islands,Nicobar,-0.7512323504345819,Stable,Enrolment Failure,Routine,3
Andaman & Nicobar Islands,Nicobars,-0.6690082175059023,Stable,Enrolment Failure,Routine,2
Telangana,Nirmal,-0.6857479674712982,Stable,Enrolment Failure,Routine,31
Nagaland,Niuland,-1.0147759557241935,Healthy,Enrolment Failure,Routine,14
Madhya Pradesh,Niwari,0.39985597057706135,Stable,Enrolment Failure,Routine,12
Andhra Pradesh,Nizamabad,-1.352572861656189,Healthy,Enrolment Failure,Routine,43
Telangana,Nizamabad,0.20239018786671814,Stable,Biometric Delay,Immediate,10
Nagaland,Noklak,-1.1937592912722579,Healthy,Enrolment Failure,Routine,15
Sikkim,North,-0.5314710575271502,Stable,Enrolment Failure,Routine,9
West Bengal,North 24 Parganas,2.2601823417649274,Critical,Demographic Instability,Immediate,6
Andaman and Nicobar Islands,North And Middle Andaman,0.9254730825784386,Stressed,Biometric Delay,Immediate,2
Assam,North Cachar Hills,-0.3140148355659042,Stable,Enrolment Failure,Routine,35
Delhi,North Delhi,-0.1108935507175142,Stable,Enrolment Failure,Routine,7
West Bengal,North Dinajpur,1.4669266432958303,Stressed,Demographic Instability,Monitor,12
Delhi,North East,0.539755286248449,Stressed,Demographic Instability,Monitor,4
Delhi,North East Delhi,0.12006655734770078,Stable,Biometric Delay,Immediate,6
Meghalaya,North Garo Hills,1.8477707635935765,Critical,Enrolment Failure,Monitor,4
Goa,North Goa,0.3542434427687431,Stable,Biometric Delay,Immediate,2
Sikkim,North Sikkim,-0.02462567321853293,Stable,Biometric Delay,Immediate,7
Tripura,North Tripura,0.6879152819995422,Stressed,Biometric Delay,Immediate,4
West Bengal,North Twenty Four Parganas,1.0088927127309208,Stressed,Demographic Instability,Monitor,18
Delhi,North West Delhi,2.743623880167844,Critical,Demographic Instability,Immediate,1
Odisha,Nuapada,-0.18594660687909936,Stable,Biometric Delay,Immediate,23
Orissa,Nuapada,-0.9893823850339413,Stable,Enrolment Failure,Routine,20
Maharashtra,Osmanabad,0.8785600307124165,Stressed,Demographic Instability,Monitor,14
Jharkhand,Pakaur,-0.47741948643081766,Stable,Enrolment Failure,Routine,32
Arunachal Pradesh,Pakke Kessang,-1.03308305101151,Healthy,Enrolment Failure,Routine,25
Jharkhand,Pakur,0.5058472543825703,Stressed,Enrolment Failure,Monitor,11
Kerala,Palakkad,0.1531583390885479,Stable,Biometric Delay,Immediate,6
Jharkhand,Palamau,-0.02106521618140461,Stable,Enrolment Failure,Routine,25
Jharkhand,Palamu,1.7474116070243209,Critical,Demographic Instability,Immediate,1
Maharashtra,Palghar,-0.22113480847100805,Stable,Demographic Instability,Routine,41
Rajasthan,Pali,-0.5386004126855517,Stable,Biometric Delay,Immediate,32
Andhra Pradesh,Palnadu,-0.8622168283298893,Stable,Enrolment Failure,Routine,38
Haryana,Palwal,0.5662739152507502,Stressed,Enrolment Failure,Monitor,5
Gujarat,Panch Mahals,-0.6376693707560375,Stable,Enrolment Failure,Routine,28
Haryana,Panchkula,-0.737754697775195,Stable,Biometric Delay,Routine,14
Gujarat,Panchmahals,-1.0096861389872875,Healthy,Biometric Delay,Immediate,35
Madhya Pradesh,Pandhurna,-0.3401013622034599,Stable,Enrolment Failure,Routine,29
Haryana,Panipat,-0.5135805268863485,Stable,Enrolment Failure,Routine,8
Madhya Pradesh,Panna,-1.1456038049505817,Healthy,Biometric Delay,Immediate,51
Arunachal Pradesh,Papum Pare,2.212853989655959,Critical,Demographic Instability,Immediate,2
Maharashtra,Parbhani,0.604300724229885,Stressed,Demographic Instability,Monitor,19
Andhra Pradesh,Parvathipuram Manyam,-1.00460534723124,Healthy,Enrolment Failure,Routine,41
West Bengal,Paschim Bardhaman,-0.21738410246923723,Stable,Enrolment Failure,Routine,31
West Bengal,Paschim Medinipur,4.027104113108342,Critical,Demographic Instability,Immediate,1
Bihar,Pashchim Champaran,-0.7581223951140055,Stable,Enrolment Failure,Routine,44
Jharkhand,Pashchimi Singhbhum,0.37583087305858587,Stable,Demographic Instability,Routine,14
Gujarat,Patan,-0.07797622602763277,Stable,Enrolment Failure,Routine,8
Kerala,Pathanamthitta,-0.3617958102872467,Stable,Enrolment Failure,Routine,13
Punjab,Pathankot,-0.1974950294972781,Stable,Demographic Instability,Routine,26
Punjab,Patiala,0.6846418454986515,Stressed,Demographic Instability,Immediate,6
Bihar,Patna,2.2229578420535336,Critical,Demographic Instability,Immediate,2
Uttarakhand,Pauri Garhwal,-0.2490763738955688,Stable,Biometric Delay,Immediate,5
Telangana,Peddapalli,-0.43319913890107564,Stable,Enrolment Failure,Routine,20
Tamil Nadu,Perambalur,-0.839355411522454,Stable,Enrolment Failure,Routine,26
Nagaland,Peren,0.013955353913471857,Stable,Enrolment Failure,Routine,9
Rajasthan,Phalodi,-0.9893823850339413,Stable,Enrolment Failure,Routine,37
Nagaland,Phek,0.5111812511007119,Stressed,Enrolment Failure,Immediate,7
Manipur,Pherzawl,-0.6190082175059024,Stable,Enrolment Failure,Immediate,9
Uttar Pradesh,Pilibhit,0.8026864192320384,Stressed,Biometric Delay,Immediate,11
Uttarakhand,Pithoragarh,-0.8953793624470608,Stable,Biometric Delay,Routine,12
Pondicherry,Pondicherry,2.6343965309893234,Critical,Demographic Instability,Immediate,1
Puducherry,Pondicherry,-0.9893823850339413,Stable,Enrolment Failure,Routine,3
Jammu and Kashmir,Poonch,-0.6486340499778634,Stable,Enrolment Failure,Routine,20
Gujarat,Porbandar,-0.5268712768644137,Stable,Enrolment Failure,Routine,21
Andhra Pradesh,Prakasam,2.302131245745884,Critical,Demographic Instability,Immediate,6
Rajasthan,Pratapgarh,0.17033399080410302,Stable,Enrolment Failure,Routine,9
Uttar Pradesh,Pratapgarh,-0.7424278265487213,Stable,Biometric Delay,Immediate,75
Uttar Pradesh,Prayagraj,-0.30520749841918793,Stable,Enrolment Failure,Routine,55
Puducherry,Puducherry,1.5233422675354875,Critical,Demographic Instability,Immediate,1
Tamil Nadu,Pudukkottai,-1.063670244050613,Healthy,Biometric Delay,Immediate,38
Jammu & Kashmir,Pulwama,-0.6690082175059023,Stable,Enrolment Failure,Routine,6
Jammu and Kashmir,Pulwama,-0.29535355270571834,Stable,Biometric Delay,Immediate,13
Jammu & Kashmir,Punch,-0.9893823850339413,Stable,Enrolment Failure,Routine,10
Jammu and Kashmir,Punch,-0.15097159761763812,Stable,Biometric Delay,Immediate,11
Maharashtra,Pune,2.324315054260792,Critical,Demographic Instability,Immediate,2
West Bengal,Purba Bardhaman,-0.31731408135482414,Stable,Enrolment Failure,Routine,33
Bihar,Purba Champaran,-0.7283022589284851,Stable,Enrolment Failure,Routine,42
West Bengal,Purba Medinipur,0.19658816958570358,Stable,Biometric Delay,Immediate,29
Jharkhand,Purbi Singhbhum,0.9953521249944028,Stressed,Demographic Instability,Monitor,5
Odisha,Puri,-0.697267252133412,Stable,Biometric Delay,Immediate,34
Orissa,Puri,1.4207806494799766,Stressed,Demographic Instability,Immediate,6
Bihar,Purnea,0.04219789477929503,Stable,Enrolment Failure,Routine,27
Bihar,Purnia,0.15248873455540346,Stable,Biometric Delay,Immediate,25
West Bengal,Purulia,-0.07148827805774394,Stable,Enrolment Failure,Routine,30
West Bengal,Puruliya,0.6984950097563187,Stressed,Demographic Instability,Immediate,22
Uttar Pradesh,Rae Bareli,-0.18531915371154684,Stable,Biometric Delay,Immediate,50
Uttar Pradesh,Raebareli,-0.8291953012699218,Stable,Enrolment Failure,Routine,79
Karnataka,Raichur,-0.25221405716317447,Stable,Biometric Delay,Immediate,25
Maharashtra,Raigad,-0.286473738309993,Stable,Enrolment Failure,Routine,43
Chhattisgarh,Raigarh,1.2625338584895829,Stressed,Demographic Instability,Immediate,6
Maharashtra,Raigarh,0.24102319778713188,Stable,Demographic Instability,Routine,29
Maharashtra,Raigarh(Mh),-0.32231757040849873,Stable,Enrolment Failure,Routine,45
Chhatisgarh,Raipur,-0.4578207584455635,Stable,Biometric Delay,Routine,1
Chhattisgarh,Raipur,1.4703074912145664,Stressed,Demographic Instability,Immediate,5
Madhya Pradesh,Raisen,-1.5740673277047246,Healthy,Biometric Delay,Immediate,58
Telangana,Rajanna Sircilla,-0.5990828042776146,Stable,Enrolment Failure,Routine,28
Jammu & Kashmir,Rajauri,-0.9098876729748534,Stable,Enrolment Failure,Routine,8
Madhya Pradesh,Rajgarh,-0.2811658427587014,Stable,Biometric Delay,Immediate,25
Gujarat,Rajkot,1.477830229693397,Stressed,Demographic Instability,Immediate,4
Chhattisgarh,Rajnandgaon,1.0332311248608717,Stressed,Demographic Instability,Immediate,8
Jammu and Kashmir,Rajouri,-0.958450765957296,Stable,Biometric Delay,Immediate,23
Rajasthan,Rajsamand,-0.23348967816339425,Stable,Enrolment Failure,Routine,21
Karnataka,Ramanagar,-0.5719690901661627,Stable,Biometric Delay,Routine,36
Tamil Nadu,Ramanathapuram,-1.273891714851636,Healthy,Biometric Delay,Routine,41
Jammu and Kashmir,Ramban,-0.13771273750548974,Stable,Biometric Delay,Immediate,10
Jharkhand,Ramgarh,-0.2672218202230897,Stable,Demographic Instability,Routine,28
Uttar Pradesh,Rampur,1.148963214057726,Stressed,Biometric Delay,Immediate,7
Jharkhand,Ranchi,1.3778558711469067,Stressed,Demographic Instability,Immediate,3
Andhra Pradesh,Rangareddi,-0.8479250770574767,Stable,Biometric Delay,Immediate,37
Telangana,Rangareddy,-0.7850060090103355,Stable,Enrolment Failure,Routine,34
Tamil Nadu,Ranipet,-0.6788049009325654,Stable,Enrolment Failure,Routine,19
Madhya Pradesh,Ratlam,-0.9577190553793985,Stable,Biometric Delay,Immediate,45
Maharashtra,Ratnagiri,0.31337293614420575,Stable,Enrolment Failure,Routine,25
Odisha,Rayagada,-0.10355049742675188,Stable,Biometric Delay,Immediate,20
Orissa,Rayagada,-0.22618696826397938,Stable,Enrolment Failure,Routine,10
Jammu and Kashmir,Reasi,-0.25374562619775953,Stable,Biometric Delay,Routine,12
Madhya Pradesh,Rewa,1.3138789469679164,Stressed,Demographic Instability,Immediate,2
Haryana,Rewari,-1.3729350922999182,Healthy,Biometric Delay,Routine,24
Meghalaya,Ri Bhoi,3.6471553963076335,Critical,Enrolment Failure,Immediate,2
Haryana,Rohtak,-0.6714035367975895,Stable,Enrolment Failure,Immediate,13
Bihar,Rohtas,0.5733876157794517,Stressed,Enrolment Failure,Immediate,15
Uttarakhand,Rudraprayag,-0.3793493116392973,Stable,Enrolment Failure,Routine,8
Chandigarh,Rupnagar,-0.8291953012699218,Stable,Enrolment Failure,Routine,3
Punjab,Rupnagar,0.07466982209585779,Stable,Enrolment Failure,Routine,22
Punjab,S.A.S Nagar(Mohali),0.2692775346955363,Stable,Demographic Instability,Routine,19
Gujarat,Sabar Kantha,-0.527027445951246,Stable,Enrolment Failure,Routine,22
Gujarat,Sabarkantha,-0.4550356617559842,Stable,Biometric Delay,Immediate,19
Madhya Pradesh,Sagar,0.41250622543105303,Stable,Biometric Delay,Immediate,10
Uttar Pradesh,Saharanpur,0.2548253715738451,Stable,Biometric Delay,Immediate,30
Bihar,Saharsa,-0.03069028618566852,Stable,Demographic Instability,Immediate,29
Jharkhand,Sahebganj,0.3413992227492001,Stable,Biometric Delay,Immediate,16
Jharkhand,Sahibganj,-0.2138593383935925,Stable,Enrolment Failure,Routine,27
Mizoram,Saiha,0.14869139252247499,Stable,Enrolment Failure,Routine,6
Mizoram,Saitual,-1.1612327180227258,Healthy,Enrolment Failure,Routine,12
Chhattisgarh,Sakti,-0.21894393352862873,Stable,Enrolment Failure,Routine,23
Tamil Nadu,Salem,0.7473798037060326,Stressed,Demographic Instability,Immediate,5
Rajasthan,Salumbar,-0.9893823850339413,Stable,Enrolment Failure,Routine,37
Bihar,Samastipur,0.9252347927524347,Stressed,Demographic Instability,Immediate,9
Jammu and Kashmir,Samba,-0.43062869885832933,Stable,Enrolment Failure,Routine,16
Odisha,Sambalpur,-0.2259676540255428,Stable,Enrolment Failure,Routine,26
Orissa,Sambalpur,-0.976234173448958,Stable,Enrolment Failure,Routine,19
Uttar Pradesh,Sambhal,0.6844599829487483,Stressed,Biometric Delay,Immediate,17
Bihar,Samstipur,-0.660816864909452,Stable,Enrolment Failure,Routine,41
Telangana,Sangareddy,-0.7208928957803997,Stable,Enrolment Failure,Routine,32
Maharashtra,Sangli,0.8815576176924389,Stressed,Demographic Instability,Immediate,13
Punjab,Sangrur,0.33074987539060513,Stable,Demographic Instability,Immediate,14
Uttar Pradesh,Sant Kabir Nagar,-0.2522673529358856,Stable,Biometric Delay,Routine,53
Uttar Pradesh,Sant Ravidas Nagar,-0.3203454840343688,Stable,Biometric Delay,Routine,58
Uttar Pradesh,Sant Ravidas Nagar Bhadohi,-0.8287235133681169,Stable,Enrolment Failure,Routine,78
Bihar,Saran,0.21064329295248432,Stable,Demographic Instability,Immediate,23
Chhattisgarh,Sarangarh-Bilaigarh,-0.09991004629517658,Stable,Enrolment Failure,Routine,22
Punjab,SAS Nagar (Mohali),0.3689434954862994,Stable,Demographic Instability,Immediate,13
Maharashtra,Satara,0.13690472148839763,Stable,Demographic Instability,Immediate,34
Madhya Pradesh,Satna,0.8121657899606677,Stressed,Biometric Delay,Immediate,4
Rajasthan,Sawai Madhopur,-1.192928879503036,Healthy,Biometric Delay,Routine,42
Madhya Pradesh,Sehore,-0.9777439764156464,Stable,Biometric Delay,Immediate,47
Manipur,Senapati,-0.924095714664933,Stable,Biometric Delay,Immediate,11
Madhya Pradesh,Seoni,-0.32013589066308945,Stable,Enrolment Failure,Routine,28
Tripura,Sepahijala,0.7704515494263513,Stressed,Biometric Delay,Monitor,3
Jharkhand,Seraikela-Kharsawan,0.500577867343251,Stressed,Enrolment Failure,Immediate,12
Mizoram,Serchhip,-0.5469670733509019,Stable,Enrolment Failure,Routine,8
Delhi,Shahdara,-0.6868486008486032,Stable,Enrolment Failure,Routine,11
Madhya Pradesh,Shahdol,-0.9602342832363174,Stable,Biometric Delay,Routine,46
Punjab,Shaheed Bhagat Singh Nagar,-0.1634880661299786,Stable,Enrolment Failure,Routine,25
Uttar Pradesh,Shahjahanpur,-0.224502189772658,Stable,Biometric Delay,Immediate,51
Madhya Pradesh,Shajapur,-1.2504437892363458,Healthy,Biometric Delay,Immediate,54
Nagaland,Shamator,-0.639081541606049,Stable,Enrolment Failure,Routine,13
Uttar Pradesh,Shamli,0.7178828098948142,Stressed,Biometric Delay,Immediate,16
Bihar,Sheikhpura,-0.2241346054091829,Stable,Enrolment Failure,Routine,36
Bihar,Sheikpura,-0.9893823850339413,Stable,Enrolment Failure,Routine,45
Bihar,Sheohar,-0.21067050454042896,Stable,Enrolment Failure,Routine,35
Madhya Pradesh,Sheopur,-0.4680391409721032,Stable,Enrolment Failure,Routine,32
Himachal Pradesh,Shimla,-0.15716928824878268,Stable,Biometric Delay,Immediate,5
Karnataka,Shimoga,0.12806534101740447,Stable,Enrolment Failure,Routine,11
Karnataka,Shivamogga,-0.3306552017415116,Stable,Biometric Delay,Routine,28
Madhya Pradesh,Shivpuri,-0.2694196820024573,Stable,Biometric Delay,Immediate,24
Arunachal Pradesh,Shi-Yomi,-0.6308491771938668,Stable,Enrolment Failure,Routine,20
Uttar Pradesh,Shrawasti,0.41663166916511246,Stable,Enrolment Failure,Routine,26
Jammu and Kashmir,Shupiyan,-0.569615814503997,Stable,Enrolment Failure,Routine,19
Arunachal Pradesh,Siang,-0.7203606026044692,Stable,Enrolment Failure,Routine,22
Assam,Sibsagar,0.2706917150666044,Stable,Enrolment Failure,Routine,24
Uttar Pradesh,Siddharthnagar,0.18865523043352994,Stable,Biometric Delay,Immediate,36
Telangana,Siddipet,0.12427842842600066,Stable,Enrolment Failure,Routine,11
Madhya Pradesh,Sidhi,0.45899237831578804,Stable,Biometric Delay,Immediate,8
Rajasthan,Sikar,-0.28584423785789714,Stable,Biometric Delay,Immediate,25
Jharkhand,Simdega,0.16670647258377577,Stable,Enrolment Failure,Routine,21
Maharashtra,Sindhudurg,0.10892302257373043,Stable,Enrolment Failure,Routine,35
Madhya Pradesh,Singrauli,0.3124436726056512,Stable,Biometric Delay,Immediate,14
Himachal Pradesh,Sirmaur,-0.6775086151527315,Stable,Biometric Delay,Immediate,10
Rajasthan,Sirohi,-0.9445910861869995,Stable,Biometric Delay,Routine,36
Haryana,Sirsa,0.619829648345446,Stressed,Enrolment Failure,Immediate,4
Bihar,Sitamarhi,1.0749195240377076,Stressed,Biometric Delay,Immediate,6
Uttar Pradesh,Sitapur,0.6156982665847989,Stressed,Biometric Delay,Immediate,20
Tamil Nadu,Sivaganga,-1.4704372346492873,Healthy,Biometric Delay,Routine,44
Bihar,Siwan,0.5925355197179953,Stressed,Enrolment Failure,Immediate,14
Himachal Pradesh,Solan,-0.18930492708014085,Stable,Biometric Delay,Immediate,6
Maharashtra,Solapur,1.8138290404208262,Critical,Demographic Instability,Immediate,8
Odisha,Sonapur,-0.6381172091653797,Stable,Enrolment Failure,Routine,32
Orissa,Sonapur,-1.2893823850339414,Healthy,Enrolment Failure,Routine,24
Uttar Pradesh,Sonbhadra,0.33209056514465807,Stable,Biometric Delay,Immediate,27
Haryana,Sonipat,-1.2362951612800934,Healthy,Biometric Delay,Immediate,20
Assam,Sonitpur,0.668427467758675,Stressed,Demographic Instability,Immediate,13
Sikkim,South,0.7399795143436019,Stressed,Demographic Instability,Monitor,3
West Bengal,South 24 Pargana,-0.9690082175059023,Stable,Enrolment Failure,Routine,40
West Bangal,South 24 Parganas,-0.9893823850339413,Stable,Enrolment Failure,Routine,2
West Bengal,South 24 Parganas,3.7594751828463373,Critical,Demographic Instability,Immediate,2
Andaman & Nicobar Islands,South Andaman,-0.8053060502774795,Stable,Enrolment Failure,Routine,3
Andaman and Nicobar Islands,South Andaman,1.2588388931352659,Stressed,Biometric Delay,Immediate,1
Delhi,South Delhi,1.600802453141323,Critical,Demographic Instability,Immediate,3
West Bengal,South Dinajpur,1.0718581458404182,Stressed,Demographic Instability,Monitor,16
West Bengal,South Dumdum(M),-0.9893823850339413,Stable,Enrolment Failure,Routine,41
Delhi,South East Delhi,-0.9510205007039336,Stable,Enrolment Failure,Routine,12
Meghalaya,South Garo Hills,-0.11095611772372238,Stable,Enrolment Failure,Routine,9
Goa,South Goa,0.9263504740057127,Stressed,Biometric Delay,Immediate,1
Assam,South Salmara Mankachar,0.504951552825831,Stressed,Enrolment Failure,Monitor,18
Sikkim,South Sikkim,0.2528525535065972,Stable,Enrolment Failure,Routine,6
Tripura,South Tripura,1.218945375720636,Stressed,Demographic Instability,Immediate,2
West Bengal,South Twenty Four Parganas,0.932325240409358,Stressed,Demographic Instability,Monitor,19
Delhi,South West Delhi,-0.22943945673630073,Stable,Demographic Instability,Immediate,9
Meghalaya,South West Garo Hills,0.3574995675111159,Stable,Biometric Delay,Immediate,6
Meghalaya,South West Khasi Hills,-0.4697070321577053,Stable,Enrolment Failure,Routine,11
Punjab,Sri Muktsar Sahib,0.3754277994335423,Stable,Enrolment Failure,Routine,11
Andhra Pradesh,Sri Potti Sriramulu Nellore,-0.6318425977377983,Stable,Enrolment Failure,Routine,28
Andhra Pradesh,Sri Sathya Sai,-0.7512340999552024,Stable,Enrolment Failure,Routine,32
Assam,Sribhumi,0.1407674665085359,Stable,Demographic Instability,Routine,28
Andhra Pradesh,Srikakulam,1.6966214556266799,Critical,Demographic Instability,Immediate,9
Jammu & Kashmir,Srinagar,-0.8303929609157654,Stable,Enrolment Failure,Routine,7
Jammu and Kashmir,Srinagar,2.1968861620934623,Critical,Demographic Instability,Immediate,2
Odisha,Subarnapur,-0.18856467181317793,Stable,Enrolment Failure,Routine,24
Orissa,Subarnapur,-0.8291953012699218,Stable,Enrolment Failure,Routine,17
Chhattisgarh,Sukma,-0.7564340711475861,Stable,Enrolment Failure,Routine,30
Uttar Pradesh,Sultanpur,-0.4616653461127038,Stable,Biometric Delay,Routine,64
Odisha,Sundargarh,0.024168020342758556,Stable,Enrolment Failure,Routine,15
Orissa,Sundargarh,-0.38070956249808646,Stable,Enrolment Failure,Routine,12
Odisha,Sundergarh,-0.009969603884137479,Stable,Biometric Delay,Immediate,16
Orissa,Sundergarh,-0.9893823850339413,Stable,Enrolment Failure,Routine,20
Bihar,Supaul,0.648122939362991,Stressed,Enrolment Failure,Immediate,13
Chhattisgarh,Surajpur,0.6725098141194896,Stressed,Enrolment Failure,Immediate,11
Gujarat,Surat,2.902242503425338,Critical,Demographic Instability,Immediate,1
Gujarat,Surendra Nagar,-0.7812514870147766,Stable,Biometric Delay,Immediate,31
Gujarat,Surendranagar,-0.15335464825151368,Stable,Enrolment Failure,Routine,10
Chhattisgarh,Surguja,1.478584324515129,Stressed,Demographic Instability,Immediate,4
Telangana,Suryapet,-0.2002322313411237,Stable,Enrolment Failure,Routine,16
Manipur,Tamenglong,-0.8627491215058198,Stable,Enrolment Failure,Routine,10
Assam,Tamulpur District,-0.2777629171455122,Stable,Enrolment Failure,Routine,34
Gujarat,Tapi,-1.0415332098964039,Healthy,Enrolment Failure,Routine,36
Punjab,Tarn Taran,0.795108956801244,Stressed,Demographic Instability,Immediate,5
Arunachal Pradesh,Tawang,-0.09462991223550632,Stable,Biometric Delay,Immediate,13
Uttarakhand,Tehri Garhwal,-0.37707136860859813,Stable,Biometric Delay,Immediate,7
Tamil Nadu,Tenkasi,-0.7910225688792141,Stable,Enrolment Failure,Routine,24
Maharashtra,Thane,2.098078366903648,Critical,Demographic Instability,Immediate,7
Tamil Nadu,Thanjavur,-0.5439309521737818,Stable,Biometric Delay,Immediate,18
Gujarat,The Dangs,-0.9259307434179294,Stable,Enrolment Failure,Routine,32
Tamil Nadu,The Nilgiris,-1.2704473501433156,Healthy,Enrolment Failure,Routine,40
Tamil Nadu,Theni,-0.6902813978662828,Stable,Enrolment Failure,Routine,20
Tamil Nadu,Thiruvallur,-0.12458444870342245,Stable,Enrolment Failure,Routine,12
Kerala,Thiruvananthapuram,0.08513010003725338,Stable,Demographic Instability,Immediate,7
Tamil Nadu,Thiruvarur,-1.0296371368507609,Healthy,Biometric Delay,Routine,37
Tamil Nadu,Thoothukkudi,-0.9537181258414296,Stable,Biometric Delay,Immediate,31
Manipur,Thoubal,2.536977546172108,Critical,Demographic Instability,Immediate,2
Kerala,Thrissur,0.169955456953736,Stable,Demographic Instability,Immediate,3
Madhya Pradesh,Tikamgarh,-0.8249855268195583,Stable,Biometric Delay,Immediate,43
Assam,Tinsukia,0.20580387355872135,Stable,Demographic Instability,Routine,26
Arunachal Pradesh,Tirap,0.1772036649164867,Stable,Biometric Delay,Immediate,9
Tamil Nadu,Tiruchirappalli,-0.4898594753016496,Stable,Biometric Delay,Immediate,16
Tamil Nadu,Tirunelveli,-0.21384121651208265,Stable,Biometric Delay,Immediate,13
Tamil Nadu,Tirupathur,-0.8088211337418828,Stable,Enrolment Failure,Routine,25
Andhra Pradesh,Tirupati,-0.9334110877805646,Stable,Enrolment Failure,Routine,40
Tamil Nadu,Tirupattur,-0.4909126151215057,Stable,Enrolment Failure,Routine,17
Tamil Nadu,Tiruppur,0.056213126870990615,Stable,Biometric Delay,Immediate,9
Tamil Nadu,Tiruvallur,1.5987074705263349,Critical,Demographic Instability,Immediate,2
Tamil Nadu,Tiruvannamalai,-0.9143467935583022,Stable,Biometric Delay,Immediate,28
Tamil Nadu,Tiruvarur,-0.9893823850339413,Stable,Enrolment Failure,Routine,32
Goa,Tiswadi,-0.9893823850339413,Stable,Enrolment Failure,Routine,3
Rajasthan,Tonk,-0.995581881465417,Stable,Biometric Delay,Routine,38
Nagaland,Tseminyu,-1.2893823850339414,Healthy,Enrolment Failure,Routine,17
Nagaland,Tuensang,0.9832039607366951,Stressed,Demographic Instability,Immediate,3
Karnataka,Tumakuru,-0.01062316546537101,Stable,Biometric Delay,Routine,15
Karnataka,Tumkur,-0.0814833364442133,Stable,Biometric Delay,Immediate,19
Tamil Nadu,Tuticorin,-0.9893823850339413,Stable,Enrolment Failure,Routine,32
Rajasthan,Udaipur,0.8328945729343252,Stressed,Demographic Instability,Immediate,3
Assam,Udalguri,0.6188670782674733,Stressed,Enrolment Failure,Monitor,14
Uttarakhand,Udham Singh Nagar,2.722248865386834,Critical,Demographic Instability,Immediate,1
Jammu & Kashmir,Udhampur,-0.9893823850339413,Stable,Enrolment Failure,Routine,10
Jammu and Kashmir,Udhampur,0.4638333444311694,Stable,Biometric Delay,Immediate,7
Karnataka,Udupi,-0.6687905238533263,Stable,Biometric Delay,Routine,39
Karnataka,Udupi *,-0.6690082175059023,Stable,Enrolment Failure,Routine,40
Madhya Pradesh,Ujjain,0.4637794410117547,Stable,Biometric Delay,Immediate,7
Manipur,Ukhrul,-0.24403247189646507,Stable,Enrolment Failure,Immediate,6
Madhya Pradesh,Umaria,-0.3833850032494325,Stable,Enrolment Failure,Routine,30
Himachal Pradesh,Una,0.20822958965351385,Stable,Biometric Delay,Immediate,3
Tripura,Unakoti,-0.19948578168857117,Stable,Enrolment Failure,Routine,6
Uttar Pradesh,Unnao,1.0124164934304105,Stressed,Biometric Delay,Immediate,9
Arunachal Pradesh,Upper Siang,0.08073812589728302,Stable,Biometric Delay,Immediate,12
Arunachal Pradesh,Upper Subansiri,0.13633369943228202,Stable,Biometric Delay,Immediate,10
Chhattisgarh,Uttar Bastar Kanker,-0.3378378834329444,Stable,Enrolment Failure,Routine,26
West Bengal,Uttar Dinajpur,0.5555859133538776,Stressed,Demographic Instability,Immediate,24
Karnataka,Uttara Kannada,-0.3626777516009197,Stable,Biometric Delay,Routine,30
Uttarakhand,Uttarkashi,-0.9047774755809673,Stable,Enrolment Failure,Routine,14
Gujarat,Vadodara,1.5242675139801536,Critical,Demographic Instability,Immediate,3
Bihar,Vaishali,0.4931386032818179,Stable,Demographic Instability,Immediate,16
Gujarat,Valsad,-1.635502970692091,Healthy,Biometric Delay,Immediate,40
Uttar Pradesh,Varanasi,0.6698019315054913,Stressed,Biometric Delay,Immediate,19
Tamil Nadu,Vellore,0.3239675407227267,Stable,Biometric Delay,Immediate,6
Madhya Pradesh,Vidisha,-0.31596453272014335,Stable,Biometric Delay,Immediate,27
Karnataka,Vijayanagara,-0.5624895734739929,Stable,Enrolment Failure,Routine,35
Karnataka,Vijayapura,-1.1145401054765065,Healthy,Biometric Delay,Routine,51
Telangana,Vikarabad,0.3915151419192302,Stable,Enrolment Failure,Routine,7
Tamil Nadu,Villupuram,-0.8781739452458827,Stable,Biometric Delay,Immediate,27
Pondicherry,Viluppuram,-0.8291953012699218,Stable,Enrolment Failure,Routine,3
Tamil Nadu,Viluppuram,0.21724519848166476,Stable,Enrolment Failure,Routine,8
Tamil Nadu,Virudhunagar,-1.0032075604810546,Healthy,Biometric Delay,Immediate,33
Andhra Pradesh,Visakhapatnam,2.360226445681288,Critical,Demographic Instability,Immediate,5
Andhra Pradesh,Vizianagaram,0.11518561103704139,Stable,Biometric Delay,Immediate,12
Telangana,Wanaparthy,-0.9461780706657625,Stable,Enrolment Failure,Routine,38
Andhra Pradesh,Warangal,-0.2216215347298982,Stable,Biometric Delay,Immediate,16
Telangana,Warangal,-0.5423767131138569,Stable,Biometric Delay,Immediate,25
Telangana,Warangal (Urban),-0.6690082175059023,Stable,Enrolment Failure,Routine,30
Telangana,Warangal Rural,0.2072866248624546,Stable,Enrolment Failure,Routine,9
Telangana,Warangal Urban,-0.5581502000969458,Stable,Enrolment Failure,Routine,26
Maharashtra,Wardha,0.07143965193684776,Stable,Enrolment Failure,Routine,36
Maharashtra,Washim,0.61976064296025,Stressed,Demographic Instability,Monitor,18
Maharashtra,Washim *,-0.9893823850339413,Stable,Enrolment Failure,Routine,50
Kerala,Wayanad,-0.32110583580488605,Stable,Enrolment Failure,Routine,11
Sikkim,West,0.6907991387523992,Stressed,Enrolment Failure,Immediate,4
Bihar,West Champaran,2.2445227774815697,Critical,Demographic Instability,Immediate,1
Delhi,West Delhi,1.6690005305812696,Critical,Demographic Instability,Immediate,2
Meghalaya,West Garo Hills,2.1374021530587877,Critical,Demographic Instability,Immediate,3
Andhra Pradesh,West Godavari,2.2474295952612646,Critical,Demographic Instability,Immediate,7
Meghalaya,West Jaintia Hills,0.7296128512533966,Stressed,Biometric Delay,Immediate,5
Arunachal Pradesh,West Kameng,-0.5770343882044815,Stable,Biometric Delay,Immediate,18
Assam,West Karbi Anglong,-0.6918904548964173,Stable,Enrolment Failure,Routine,36
Meghalaya,West Khasi Hills,0.2564830902760312,Stable,Enrolment Failure,Routine,7
West Bengal,West Medinipur,-0.7757996066819153,Stable,Enrolment Failure,Routine,38
West Bengal,West Midnapore,1.212231910458455,Stressed,Demographic Instability,Monitor,15
Madhya Pradesh,West Nimar,-0.5750794326231422,Stable,Enrolment Failure,Routine,36
Arunachal Pradesh,West Siang,1.3641307426949978,Stressed,Biometric Delay,Immediate,4
Sikkim,West Sikkim,0.6316272620044441,Stressed,Biometric Delay,Immediate,5
Jharkhand,West Singhbhum,0.6444720986095036,Stressed,Biometric Delay,Immediate,10
Tripura,West Tripura,2.118035519700917,Critical,Demographic Instability,Immediate,1
Nagaland,Wokha,0.035761718405830145,Stable,Enrolment Failure,Immediate,8
Andhra Pradesh,Y. S. R,-0.7025977938070493,Stable,Enrolment Failure,Routine,30
Telangana,Yadadri.,0.08398713725488494,Stable,Enrolment Failure,Routine,12
Karnataka,yadgir,0.0394501306259738,Stable,Enrolment Failure,Immediate,13
Haryana,Yamuna Nagar,-0.6170406809420976,Stable,Biometric Delay,Immediate,12
Haryana,Yamunanagar,-0.5697797539460587,Stable,Enrolment Failure,Routine,10
Pondicherry,Yanam,-0.9893823850339413,Stable,Enrolment Failure,Routine,4
Puducherry,Yanam,-1.1291953012699218,Healthy,Enrolment Failure,Routine,4
Maharashtra,Yavatmal,2.1928585570043992,Critical,Demographic Instability,Immediate,6
Nagaland,Zunheboto,0.6156779305454743,Stressed,Enrolment Failure,Immediate,5
